customer_id,total_spend,clv_tier,response_prob,response
5524,1617.0,High value,0.9652955787139789,1
2174,27.0,Low value,0.14667994859288588,0
4141,776.0,Mid value,0.10465736817040866,0
6182,53.0,Low value,0.054906481780391106,0
5324,422.0,Mid value,0.02227688700100442,0
7446,716.0,Mid value,0.06857684784465275,0
965,590.0,Mid value,0.5983670783874323,0
6177,169.0,Mid value,0.38460101797275065,0
4855,46.0,Low value,0.49304289192780804,1
5899,49.0,Low value,0.37351326016828723,0
387,61.0,Low value,0.287784451875225,0
2125,1102.0,High value,0.0657764326929742,0
8180,310.0,Mid value,0.1333008354401412,0
2569,46.0,Low value,0.682143878942232,0
2114,1315.0,High value,0.9823192460228702,1
9736,96.0,Low value,0.2931409405407177,0
4939,317.0,Mid value,0.661252416251481,0
6565,1782.0,High value,0.19136016151856827,0
2278,133.0,Mid value,0.2207194507904249,0
9360,316.0,Mid value,0.6897666875276636,0
5376,1730.0,High value,0.9927531945173977,0
1993,972.0,High value,0.4022131681658134,0
4047,544.0,Mid value,0.12194168072157381,0
1409,444.0,Mid value,0.14649271054264063,0
7892,75.0,Low value,0.4602603582367512,0
2404,257.0,Mid value,0.4950517164031712,0
9422,131.0,Mid value,0.19255842965070114,0
1966,1672.0,High value,0.1672611771209992,0
6864,30.0,Low value,0.33943141367752133,0
3033,318.0,Mid value,0.336271563404377,0
5710,120.0,Mid value,0.6892079298550977,0
7373,302.0,Mid value,0.8820785636669732,1
8755,1196.0,High value,0.6187075625553343,0
10738,65.0,Low value,0.1726141139354444,0
4339,913.0,High value,0.034349947865880644,0
10755,81.0,Low value,0.04991637064967127,0
8595,67.0,Low value,0.01681548355464868,0
2968,902.0,High value,0.9771423313416269,1
8601,1395.0,High value,0.681479044452069,0
503,53.0,Low value,0.07933958665469694,0
8430,22.0,Low value,0.43492745566444296,0
2139,31.0,Low value,0.23213521079353003,0
1371,984.0,High value,0.021553591081524822,0
9909,122.0,Mid value,0.801073713376368,1
7286,55.0,Low value,0.03929958143106978,0
6566,1319.0,High value,0.3466548686122318,0
8614,507.0,Mid value,0.014102466967484928,0
4114,1693.0,High value,0.7205714534429198,0
1331,72.0,Low value,0.4395232620343565,0
2225,1617.0,High value,0.8021204960205821,1
9381,606.0,Mid value,0.03422970703388238,0
6260,1957.0,High value,0.4691185672319843,1
10383,1093.0,High value,0.4586006772847372,1
7437,29.0,Low value,0.07630279225364542,0
8375,518.0,Mid value,0.047058235624349236,0
6853,1438.0,High value,0.9549001154457912,1
3076,612.0,Mid value,0.12590099232072807,0
1012,884.0,High value,0.3610728237171578,0
6518,606.0,Mid value,0.47596622112594383,0
4137,1076.0,High value,0.3448139348727907,0
8082,34.0,Low value,0.0749173541856251,1
1386,11.0,Low value,0.11276615884613946,0
9369,1274.0,High value,0.7361699914032038,1
4477,653.0,Mid value,0.044221831741622385,0
1357,1562.0,High value,0.13073345566611705,0
1402,1253.0,High value,0.9414200050865502,0
6312,863.0,High value,0.0699958895691659,0
8132,661.0,Mid value,0.28449167111377216,0
1050,65.0,Low value,0.03295893477570531,0
5846,13.0,Low value,0.3323133191450521,0
1859,1890.0,High value,0.9214239643345301,1
7503,2209.0,High value,0.9608174776536251,1
10401,18.0,Low value,0.27605424370738973,0
1618,692.0,Mid value,0.8845886872020112,1
3332,165.0,Mid value,0.388204359233735,0
2261,16.0,Low value,0.3930587179576358,0
5346,79.0,Low value,0.031224866372656108,0
4119,318.0,Mid value,0.336271563404377,0
535,778.0,Mid value,0.09273693541492356,0
5268,56.0,Low value,0.014518121342437768,0
273,151.0,Mid value,0.47009821096513565,0
4452,372.0,Mid value,0.8389476595376589,1
8504,1366.0,High value,0.141880634123526,0
771,194.0,Mid value,0.0060538652298289105,0
11178,32.0,Low value,0.04796690506591909,0
2230,43.0,Low value,0.01969182641080377,0
7516,45.0,Low value,0.042665300924514794,0
7247,606.0,Mid value,0.7134399567386855,0
11100,63.0,Low value,0.4270667683068152,0
4646,978.0,High value,0.08266292558446976,0
3037,410.0,Mid value,0.4312996814964544,0
1473,72.0,Low value,0.5379290093241936,0
1016,55.0,Low value,0.1795498392073121,0
4518,1169.0,High value,0.034749831047687536,0
9370,1120.0,High value,0.3112880444366764,0
8908,1097.0,High value,0.18002990196323126,1
8373,29.0,Low value,0.0035526809603269338,0
7533,187.0,Mid value,0.24187761775647196,0
2683,910.0,High value,0.044602685462301575,0
3629,145.0,Mid value,0.7790088689875198,0
10991,850.0,High value,0.8201048336474741,0
5077,969.0,High value,0.013180644368575327,0
7431,1820.0,High value,0.9938342834881805,1
3267,608.0,Mid value,0.08786417594890579,0
999,730.0,Mid value,0.702207831060092,1
9215,551.0,Mid value,0.7444411131880988,0
2286,114.0,Low value,0.3485619888608005,0
1592,1724.0,High value,0.9091890352899379,0
367,577.0,Mid value,0.14293762798728624,0
5234,81.0,Low value,0.018965183355563825,0
9862,33.0,Low value,0.0719958249057131,0
9805,660.0,Mid value,0.018731559663552017,0
6205,80.0,Low value,0.3451872024267155,1
8442,30.0,Low value,0.06918922908265208,0
7386,43.0,Low value,0.11640520258220706,0
7215,1135.0,High value,0.9113578716601897,1
1491,559.0,Mid value,0.045833429382448984,0
11071,1923.0,High value,0.7962068547717727,1
3381,90.0,Low value,0.01657799669179805,0
11051,661.0,Mid value,0.005481922034616858,0
8026,463.0,Mid value,0.29011068782073335,0
433,632.0,Mid value,0.602013812589593,0
9597,725.0,Mid value,0.11755275112687778,0
5290,279.0,Mid value,0.19645799395490351,0
1685,1482.0,High value,0.6245241515288216,0
5342,29.0,Low value,0.5904717065587795,0
9579,106.0,Low value,0.24640370698031216,0
7660,49.0,Low value,0.5670710284852232,1
1461,38.0,Low value,0.20437217466989616,0
821,2077.0,High value,0.595444334581428,0
11084,1053.0,High value,0.20741638413545085,1
8690,1385.0,High value,0.08113727114368693,0
2937,871.0,High value,0.26591447758016834,0
9701,312.0,Mid value,0.537586016505732,0
9949,877.0,High value,0.43333001183417563,0
10837,68.0,Low value,0.2857202380408159,1
3120,22.0,Low value,0.0882826764211186,0
5885,211.0,Mid value,0.16172955550480062,0
4050,127.0,Mid value,0.027997116967867088,0
3830,459.0,Mid value,0.0091718978855242,0
7987,460.0,Mid value,0.031164573358572135,0
7798,429.0,Mid value,0.34091508111839874,0
92,89.0,Low value,0.23142209311884035,0
7055,1021.0,High value,0.13497351410137462,0
10240,1381.0,High value,0.9843336652572419,1
3025,306.0,Mid value,0.593763607255723,0
9283,18.0,Low value,0.1388028745326994,0
9970,162.0,Mid value,0.07469620867597877,0
2730,1231.0,High value,0.09731454058337943,0
2795,13.0,Low value,0.7048769104463284,0
9260,1706.0,High value,0.8754131319067037,0
8182,121.0,Mid value,0.015554226477269265,0
10095,1293.0,High value,0.7624195426763741,0
8475,1608.0,High value,0.6593390625391962,0
4370,88.0,Low value,0.013308470923253058,0
10573,421.0,Mid value,0.8681506404453426,0
3712,259.0,Mid value,0.46195003205010465,0
6637,1117.0,High value,0.2908828861666827,0
3152,89.0,Low value,0.010904040682171903,0
5610,36.0,Low value,0.016518094634752567,0
6460,57.0,Low value,0.049946786544321435,0
1349,148.0,Mid value,0.11956605231604187,0
1880,93.0,Low value,0.1667046350996828,0
641,119.0,Mid value,0.16171286349391686,0
8717,1835.0,High value,0.6033931733878823,0
10314,1318.0,High value,0.9762359038857645,1
10854,45.0,Low value,0.01322533521498083,0
10492,10.0,Low value,0.002011238411045332,0
6935,978.0,High value,0.08266292558446976,0
7698,191.0,Mid value,0.014720352203130444,0
3559,57.0,Low value,0.010356675496526344,0
10562,1033.0,High value,0.06277284186727627,0
10796,66.0,Low value,0.13898876798948553,0
2563,43.0,Low value,0.009127032292718284,0
3518,50.0,Low value,0.37617413331538757,0
5823,39.0,Low value,0.07869514326703383,0
3934,608.0,Mid value,0.06275821254912914,0
6982,1581.0,High value,0.6109831054601209,0
6431,68.0,Low value,0.6086396111720996,0
9733,80.0,Low value,0.48856206659426366,0
5602,1282.0,High value,0.0412906990283898,0
1324,91.0,Low value,0.041507769891025954,0
326,315.0,Mid value,0.20723066472359242,0
7224,31.0,Low value,0.1578139241810042,0
6999,834.0,Mid value,0.0045466668611437045,0
9938,1600.0,High value,0.3218769613186736,0
6422,1270.0,High value,0.7637671760047698,0
3182,263.0,Mid value,0.4502903312669852,1
7300,535.0,Mid value,0.11728176600111749,0
10424,1295.0,High value,0.10699462420985419,0
8727,1150.0,High value,0.11313046883151998,0
2798,1240.0,High value,0.9848788684937245,1
1030,38.0,Low value,0.2231672185641203,0
624,35.0,Low value,0.9904742971484948,1
5176,53.0,Low value,0.05524483980387814,0
5552,293.0,Mid value,0.395677693524527,0
868,65.0,Low value,0.00358683099128377,0
380,1804.0,High value,0.9692787259195393,1
2677,241.0,Mid value,0.25520470384821103,0
6521,1101.0,High value,0.07501823643373048,0
6927,264.0,Mid value,0.47279228029399956,0
2877,541.0,Mid value,0.47635395331183195,0
0,1198.0,High value,0.08828647239588489,0
1584,482.0,Mid value,0.025532753545847796,0
7264,17.0,Low value,0.23717202929531533,0
6274,1615.0,High value,0.7823616476537226,0
1377,285.0,Mid value,0.29810398637009156,0
454,1135.0,High value,0.11202945934501973,0
1755,114.0,Low value,0.002461017111643574,0
2075,1047.0,High value,0.08084912752805791,0
4785,714.0,Mid value,0.03595245899706382,0
9076,185.0,Mid value,0.5175036517514167,0
7079,1245.0,High value,0.4754117373925384,0
4653,189.0,Mid value,0.19693355338536533,0
7375,576.0,Mid value,0.17131135860433216,0
709,1103.0,High value,0.2863568411544873,0
460,1753.0,High value,0.5613909831447086,0
3726,17.0,Low value,0.048063764112105826,0
6798,433.0,Mid value,0.5045558178860496,1
5341,1588.0,High value,0.969662356886468,0
1606,22.0,Low value,0.08185323314981337,0
9617,19.0,Low value,0.20938589762954327,0
3233,1117.0,High value,0.04403841158763428,0
89,69.0,Low value,0.029380901515553722,0
2936,23.0,Low value,0.055097826062993564,0
9449,605.0,Mid value,0.07541376782970441,0
7297,57.0,Low value,0.17825844935628468,0
313,2088.0,High value,0.20531035955253651,0
9940,1009.0,High value,0.08625174877013934,0
10735,26.0,Low value,0.1528553948155824,0
9529,1627.0,High value,0.7035108074407113,1
6439,1102.0,High value,0.6396891420455645,0
7411,17.0,Low value,0.07239387322063445,0
2176,1690.0,High value,0.9669267805105286,1
9265,1390.0,High value,0.1691918027330526,0
8867,2126.0,High value,0.8017960213404038,0
8932,1531.0,High value,0.5080619144634766,0
10236,64.0,Low value,0.1953190446644804,0
6340,26.0,Low value,0.1525322682119153,0
10089,1112.0,High value,0.9973221206758318,1
2227,210.0,Mid value,0.12032883671286389,0
10992,1148.0,High value,0.07549432910543644,0
5304,33.0,Low value,0.795415860117532,0
309,1101.0,High value,0.8724644076563255,0
3406,322.0,Mid value,0.09581689933324576,0
2661,44.0,Low value,0.07150360263011547,0
3153,17.0,Low value,0.4592546752228703,0
10264,31.0,Low value,0.8517822652013876,1
1184,845.0,High value,0.24713984126987967,0
4200,275.0,Mid value,0.005371183688291281,0
9396,25.0,Low value,0.6414248717522539,0
2387,275.0,Mid value,0.6610147930024513,1
6690,90.0,Low value,0.43020871560293544,0
1225,1495.0,High value,0.16395355942726308,0
9703,184.0,Mid value,0.8316608308518708,1
291,981.0,High value,0.46076753598180753,0
4557,67.0,Low value,0.27365442812583984,0
2379,1635.0,High value,0.9453895580979229,1
5726,60.0,Low value,0.2532674223451925,0
3066,231.0,Mid value,0.2545942973465638,0
6336,48.0,Low value,0.022778230343260583,0
10967,99.0,Low value,0.45645932627612823,0
2304,770.0,Mid value,0.005046504083608665,0
3445,957.0,High value,0.3893976569081265,1
7828,818.0,Mid value,0.12135593633217696,0
3762,925.0,High value,0.9233700704380617,1
4391,908.0,High value,0.12860109351590243,0
4669,102.0,Low value,0.10857780364088238,0
10144,576.0,Mid value,0.17131135860433216,0
8652,317.0,Mid value,0.661252416251481,0
1672,461.0,Mid value,0.006386673966257701,0
8962,37.0,Low value,0.0872555935699323,0
9974,70.0,Low value,0.06842973884675249,0
10983,930.0,High value,0.13283981198383948,0
8148,859.0,High value,0.042517054190745515,0
10102,1478.0,High value,0.6007351346521115,0
4697,390.0,Mid value,0.5069451593747946,0
9262,52.0,Low value,0.7653197960501077,0
7254,137.0,Mid value,0.025599934881234687,0
4543,1919.0,High value,0.8792673487258669,0
4927,68.0,Low value,0.02293404927442637,0
10451,25.0,Low value,0.3486304976361861,0
2926,1374.0,High value,0.7247350717754677,0
2874,32.0,Low value,0.4997104667964125,0
9738,100.0,Low value,0.27859701545633797,0
7119,825.0,Mid value,0.6219443366677768,0
3924,916.0,High value,0.2627341436070185,0
5827,62.0,Low value,0.08630442141750773,0
5596,728.0,Mid value,0.01629778562274033,0
10812,90.0,Low value,0.01735905433440607,0
1717,273.0,Mid value,0.14160426791119954,0
9491,66.0,Low value,0.033359863155316964,0
9274,1213.0,High value,0.6430648417735896,0
6609,107.0,Low value,0.7148375206965963,1
6963,1157.0,High value,0.07687033551208812,0
4440,546.0,Mid value,0.080919490939856,0
1379,241.0,Mid value,0.6413437669958357,0
10032,53.0,Low value,0.05574747886837503,0
2826,37.0,Low value,0.12716249724115108,0
6320,1508.0,High value,0.6120782373717422,0
3050,235.0,Mid value,0.11517704396812366,0
231,32.0,Low value,0.008850801169226418,0
2392,102.0,Low value,0.08076669972144075,0
9478,401.0,Mid value,0.6566240566204098,0
113,28.0,Low value,0.13247217579261883,0
1802,680.0,Mid value,0.06356050739188986,0
520,30.0,Low value,0.04727038661714394,0
8275,20.0,Low value,0.5115277113560964,0
9750,1307.0,High value,0.8715558792128247,0
2607,630.0,Mid value,0.21612568040138416,0
7214,1283.0,High value,0.406904123816951,0
5835,65.0,Low value,0.4880434020423671,0
3896,37.0,Low value,0.22214335254475584,0
10350,38.0,Low value,0.22923608473042434,0
7786,160.0,Mid value,0.8358598486500267,0
2861,23.0,Low value,0.20022363930967366,0
663,71.0,Low value,0.6188673794500495,0
10675,1161.0,High value,0.19195827745203856,1
2521,59.0,Low value,0.8774615437698707,1
9592,33.0,Low value,0.10237555346733129,0
10151,946.0,High value,0.19127085917473305,0
7381,1442.0,High value,0.9993710843555876,1
4099,62.0,Low value,0.5310391203312803,0
9560,1674.0,High value,0.8686131377223143,1
10172,1538.0,High value,0.25565974479763676,0
11191,139.0,Mid value,0.5788916309282385,0
9707,1182.0,High value,0.6989624624360377,0
6245,507.0,Mid value,0.03311032651006211,0
8234,18.0,Low value,0.3908725688956053,1
1411,940.0,High value,0.3837464346274998,0
8553,42.0,Low value,0.06117995251216381,0
1826,1190.0,High value,0.4431629325357138,1
8842,44.0,Low value,0.5947837689987555,0
11030,16.0,Low value,0.0699722460697715,0
2579,835.0,High value,0.006670192842110557,0
175,1443.0,High value,0.550506551217807,0
9185,1029.0,High value,0.7624619338702195,1
11056,1188.0,High value,0.4509902474185734,0
9365,1277.0,High value,0.8524375587079279,0
6201,49.0,Low value,0.17239841554034205,0
2061,99.0,Low value,0.208220082561629,0
6184,1670.0,High value,0.8295943270145303,0
6142,900.0,High value,0.15435855669237694,0
4107,425.0,Mid value,0.13931093204259487,0
7274,2153.0,High value,0.5121773114046859,0
9336,636.0,Mid value,0.051911768397066876,0
2958,57.0,Low value,0.028049255836609915,0
933,25.0,Low value,0.6414248717522539,0
5837,494.0,Mid value,0.21776510160483273,0
10704,693.0,Mid value,0.22034480426106065,0
5125,1348.0,High value,0.0817124485268043,0
4432,51.0,Low value,0.1665515899050192,0
5955,1932.0,High value,0.5967476129630706,0
2928,990.0,High value,0.4321527924575524,0
5680,30.0,Low value,0.009829074983329971,0
10313,254.0,Mid value,0.3016560291059378,0
2557,29.0,Low value,0.5782903697786262,0
1245,1371.0,High value,0.604891258560972,0
1519,73.0,Low value,0.8330026580781358,1
10703,120.0,Mid value,0.6018527243355549,0
1726,81.0,Low value,0.967450121905172,1
4459,37.0,Low value,0.7424286366446706,0
1729,1377.0,High value,0.14119201739003634,0
1517,51.0,Low value,0.0719880667228455,0
2098,17.0,Low value,0.5058713366628049,0
9543,22.0,Low value,0.023752145700666236,0
6878,324.0,Mid value,0.8353139069025607,0
3310,211.0,Mid value,0.16172955550480062,0
2724,19.0,Low value,0.16262435773173467,0
948,41.0,Low value,0.5749009424667834,0
6720,492.0,Mid value,0.6954700728955208,1
6202,1005.0,High value,0.017826963847265613,0
2066,114.0,Low value,0.23093086242185829,0
9799,1173.0,High value,0.087042057483435,0
8318,1738.0,High value,0.6237638475215282,0
5642,222.0,Mid value,0.11187014665752416,0
2669,1127.0,High value,0.1258580348940745,0
455,209.0,Mid value,0.1960657405461087,0
7683,787.0,Mid value,0.002136856035635611,0
3428,1598.0,High value,0.15430948758991528,0
7414,186.0,Mid value,0.6504110511653919,0
6354,47.0,Low value,0.418659603972362,1
798,27.0,Low value,0.2866715445662293,0
8213,96.0,Low value,0.16264676988489715,1
2488,64.0,Low value,0.1493796600570758,0
9999,1040.0,High value,0.7369720361831292,0
7617,163.0,Mid value,0.07374357995337479,0
615,343.0,Mid value,0.5278424100752089,0
2552,446.0,Mid value,0.9282542924858752,1
194,41.0,Low value,0.014067581835562504,0
3645,70.0,Low value,0.8931495011947819,1
8890,272.0,Mid value,0.36421666484193527,0
5049,46.0,Low value,0.49304289192780804,0
9973,490.0,Mid value,0.2840554549311541,0
7301,79.0,Low value,0.2821909011825431,1
10882,915.0,High value,0.30549787055829364,0
7030,1485.0,High value,0.8293794294615747,0
7422,369.0,Mid value,0.1937543605623938,0
3523,1073.0,High value,0.03450509912438519,0
7106,1242.0,High value,0.019519943514515043,0
6504,78.0,Low value,0.3107449727540324,0
5067,1378.0,High value,0.9769206505142318,0
4216,1474.0,High value,0.9822368480603799,1
8581,751.0,Mid value,0.6850839253279128,0
5929,48.0,Low value,0.15975813274723735,0
3129,45.0,Low value,0.042665300924514794,0
6528,10.0,Low value,0.013017545741196387,0
1361,1435.0,High value,0.9168137654020554,1
6932,2119.0,High value,0.8669037550535964,0
7284,20.0,Low value,0.19424161765499784,0
1340,1795.0,High value,0.6709865775689872,0
8746,1188.0,High value,0.3093523158367331,0
5987,43.0,Low value,0.010631143093225381,0
3767,1008.0,High value,0.11958588362215226,0
3725,1688.0,High value,0.9995826707313997,1
4324,684.0,Mid value,0.39237621289477514,0
238,1082.0,High value,0.21193040912527875,0
6694,1068.0,High value,0.013406825813363693,0
498,57.0,Low value,0.13916920343149636,0
9347,46.0,Low value,0.07972903483200426,0
9699,733.0,Mid value,0.06287844491604253,0
10664,467.0,Mid value,0.47410489235282277,0
5455,122.0,Mid value,0.04888769175368122,0
456,36.0,Low value,0.0436776423434767,0
5012,34.0,Low value,0.08786705184620805,0
7495,156.0,Mid value,0.022571454880287653,0
5029,14.0,Low value,0.4072646793962812,0
10642,37.0,Low value,0.7424286366446706,0
2106,34.0,Low value,0.013736965943999903,0
10364,20.0,Low value,0.353461909601505,0
5954,192.0,Mid value,0.05831117220768453,0
1137,1379.0,High value,0.6385982212981594,0
2541,48.0,Low value,0.3944373775607277,0
1142,428.0,Mid value,0.00463273578045717,0
2276,868.0,High value,0.06524829238621896,0
2807,1001.0,High value,0.5072125975861033,0
6471,59.0,Low value,0.3067710074161419,0
6131,431.0,Mid value,0.003287535164211484,0
6233,971.0,High value,0.4250405171668083,0
4148,348.0,Mid value,0.16371543037657063,0
4947,2059.0,High value,0.986545506127107,1
3225,265.0,Mid value,0.33719321904546573,1
7540,270.0,Mid value,0.004001511977352562,0
10648,1289.0,High value,0.32483533998238995,0
1992,893.0,High value,0.36626881298577896,1
7851,926.0,High value,0.059049435727263365,0
8594,135.0,Mid value,0.33662083416764477,0
7059,1495.0,High value,0.16395355942726308,0
2815,120.0,Mid value,0.051780247002736146,0
2416,1288.0,High value,0.08643556715864159,0
7999,1743.0,High value,0.9905860138887128,1
9213,15.0,Low value,0.7902801626582077,0
9697,542.0,Mid value,0.00478255704831779,0
3916,890.0,High value,0.04671362801957623,0
2021,1388.0,High value,0.06870229751283898,0
1581,17.0,Low value,0.21223785170545884,1
564,906.0,High value,0.6640236844914154,1
6619,44.0,Low value,0.06782363386887884,0
9081,25.0,Low value,0.0656826830267447,0
178,973.0,High value,0.08670650393470747,0
916,31.0,Low value,0.06269327076114642,0
5512,518.0,Mid value,0.02766332719052354,0
8970,530.0,Mid value,0.11917378432952754,0
10581,506.0,Mid value,0.6722050120311174,0
5300,70.0,Low value,0.05550809822637255,0
5154,54.0,Low value,0.19415994658925306,0
8346,296.0,Mid value,0.9786601198530183,1
1676,266.0,Mid value,0.1159520790313824,0
9286,747.0,Mid value,0.37433572073470933,0
2426,895.0,High value,0.6537874780441533,1
5172,1053.0,High value,0.20741638413545085,0
5562,735.0,Mid value,0.007944043468951245,0
3436,20.0,Low value,0.08243676884919839,0
3921,205.0,Mid value,0.2792550818570106,0
3403,2092.0,High value,0.46921737574899286,0
22,309.0,Mid value,0.1441964968942457,0
10965,1722.0,High value,0.162833950131324,0
9426,900.0,High value,0.601028596479836,0
6605,682.0,Mid value,0.5738958658155958,0
3136,663.0,Mid value,0.0280722724045696,0
8737,43.0,Low value,0.13214648659476244,0
11088,1816.0,High value,0.30478455988695324,0
716,976.0,High value,0.007165307516820895,0
466,746.0,Mid value,0.11394900821105042,0
9135,64.0,Low value,0.14280894982385248,0
10623,32.0,Low value,0.17358504818487624,0
8151,263.0,Mid value,0.7377591228600742,0
5140,1445.0,High value,0.1396182557495974,0
10160,46.0,Low value,0.07972903483200426,0
4945,1210.0,High value,0.5933322596360372,0
10584,945.0,High value,0.016441651372945582,0
6071,1157.0,High value,0.07989471799619535,0
3386,137.0,Mid value,0.14704443768824527,0
8939,730.0,Mid value,0.13922831729902502,0
9925,216.0,Mid value,0.2894923839294938,0
4320,943.0,High value,0.2479855597949038,0
5389,347.0,Mid value,0.0731786036574573,0
6036,1924.0,High value,0.17409462806445122,0
182,397.0,Mid value,0.1775569242612023,0
203,2089.0,High value,0.6524106353731858,0
11025,138.0,Mid value,0.6181707676799256,0
10203,42.0,Low value,0.1185532480778752,0
4607,777.0,Mid value,0.21661532633730396,0
3711,1902.0,High value,0.7451422394291313,0
3696,52.0,Low value,0.0625149693820735,0
2532,1651.0,High value,0.3529734689607984,0
9214,358.0,Mid value,0.15680583553361424,0
4943,1727.0,High value,0.8633762436280958,0
35,210.0,Mid value,0.5818949866163464,1
2258,42.0,Low value,0.11906133767306334,0
4322,1291.0,High value,0.18181453258737248,0
713,442.0,Mid value,0.024173371218020632,0
4702,1895.0,High value,0.9867515229972362,0
3281,411.0,Mid value,0.03420182519951487,0
702,521.0,Mid value,0.0644842334104083,0
2004,1168.0,High value,0.16387970675365984,0
4769,493.0,Mid value,0.13805347138883464,0
4437,260.0,Mid value,0.05677967860019421,0
8724,46.0,Low value,0.23559398286879307,0
10741,319.0,Mid value,0.08703774647427194,0
1991,96.0,Low value,0.1458110796273476,0
6931,1062.0,High value,0.8888031226522138,1
11096,232.0,Mid value,0.013050780971595587,0
304,76.0,Low value,0.12434381724126957,0
3665,54.0,Low value,0.05607968700476877,0
10591,201.0,Mid value,0.6800452018152121,0
5036,406.0,Mid value,0.8722617131460787,0
5547,1919.0,High value,0.9912298932011199,1
7822,662.0,Mid value,0.041869750434718384,0
8541,41.0,Low value,0.0038016745022001275,0
10955,1600.0,High value,0.29194186603890415,1
4368,134.0,Mid value,0.018970973914227442,0
9671,69.0,Low value,0.3317856471510005,1
2256,21.0,Low value,0.06039141686387624,0
4279,54.0,Low value,0.014600711126405291,0
5371,91.0,Low value,0.7992493114475253,1
9240,526.0,Mid value,0.04261471080036521,0
9460,162.0,Mid value,0.3038419033098449,0
9504,1008.0,High value,0.09274864894882953,1
8692,240.0,Mid value,0.33464334323572636,0
448,795.0,Mid value,0.15895026024335465,0
8314,1772.0,High value,0.8628190622546293,0
8420,64.0,Low value,0.262833494098454,0
3174,1957.0,High value,0.9939577156893716,1
7685,78.0,Low value,0.20052094019361197,0
3179,1572.0,High value,0.3371488068868766,0
9780,795.0,Mid value,0.04454471511840065,0
10681,889.0,High value,0.02276706578670578,0
10232,331.0,Mid value,0.34856988240183046,0
4184,265.0,Mid value,0.023168630385624348,0
9120,1065.0,High value,0.15192143691571475,0
891,11.0,Low value,0.05349012078483073,0
10381,21.0,Low value,0.31832912513235084,0
3525,17.0,Low value,0.45915537471852313,0
6818,369.0,Mid value,0.5859807033695208,0
3526,38.0,Low value,0.059899161372460215,0
8181,177.0,Mid value,0.27603350874202787,0
1029,279.0,Mid value,0.1861064699161492,0
7369,62.0,Low value,0.08092805375639663,0
2574,1230.0,High value,0.9878271350823806,1
8159,182.0,Mid value,0.15451062136736157,0
1160,49.0,Low value,0.13741387455114937,0
10242,75.0,Low value,0.11497015941227587,0
5253,227.0,Mid value,0.05757902192405796,0
5966,215.0,Mid value,0.6058730749757342,0
5314,444.0,Mid value,0.14649271054264063,0
5081,47.0,Low value,0.028713659246971095,0
5123,143.0,Mid value,0.34089042876349973,0
5756,55.0,Low value,0.016425212642956193,0
8036,63.0,Low value,0.05650894854961314,0
9058,1867.0,High value,0.9983636417249107,1
5057,611.0,Mid value,0.007938736059672411,0
254,473.0,Mid value,0.19787949507851235,0
4179,55.0,Low value,0.04117854309538586,0
3710,81.0,Low value,0.8514157610482344,1
7627,2086.0,High value,0.9949910747190995,1
4501,1478.0,High value,0.06824844537943098,0
6424,49.0,Low value,0.09344552166082778,0
3075,382.0,Mid value,0.1668286382645772,0
4992,69.0,Low value,0.3712733463082757,1
5252,67.0,Low value,0.26850621883243303,0
7444,30.0,Low value,0.186610328152151,0
6919,63.0,Low value,0.15308720697300593,0
3537,79.0,Low value,0.2787762208223226,0
10277,42.0,Low value,0.5304222483906099,0
2453,819.0,Mid value,0.019954455595934947,0
7972,1151.0,High value,0.06995937326076335,0
895,594.0,Mid value,0.06513084954953087,0
1177,129.0,Mid value,0.1383452916233575,0
7141,213.0,Mid value,0.9234600012127039,1
7232,67.0,Low value,0.01681548355464868,0
8477,28.0,Low value,0.23230548077884386,0
2457,45.0,Low value,0.30054066966916915,0
988,1193.0,High value,0.07842386546556304,0
7930,268.0,Mid value,0.19758699439845753,0
4587,266.0,Mid value,0.05715906805607318,0
6682,37.0,Low value,0.14925741941785184,0
6222,37.0,Low value,0.12716249724115108,0
10299,882.0,High value,0.2949081039488337,1
3083,373.0,Mid value,0.0442258282580003,0
8953,35.0,Low value,0.10982801994353278,0
1503,107.0,Low value,0.2417463531754391,0
8650,42.0,Low value,0.38349750416529377,0
10862,326.0,Mid value,0.40381749498041564,0
2782,404.0,Mid value,0.22789870565708223,0
6941,95.0,Low value,0.26392026494467474,0
10972,939.0,High value,0.7232556069037194,0
10708,33.0,Low value,0.07992369623582322,0
6583,981.0,High value,0.5698640924068924,0
3641,36.0,Low value,0.06175245742930581,0
10156,1237.0,High value,0.21881094101862844,0
4299,1825.0,High value,0.9205737972903005,1
3469,103.0,Low value,0.49510216214109914,0
5063,191.0,Mid value,0.33852320172330724,0
10727,1586.0,High value,0.03317779599821096,0
9624,963.0,High value,0.07793302941588925,0
5156,889.0,High value,0.02276706578670578,0
4376,93.0,Low value,0.6979286703866551,1
8923,1587.0,High value,0.8765244110313699,1
8461,16.0,Low value,0.325097022355252,0
6945,1375.0,High value,0.2309688099466041,0
944,393.0,Mid value,0.2875648573306798,0
1907,1477.0,High value,0.5938228774252251,1
701,1179.0,High value,0.09657228440106026,0
3856,1005.0,High value,0.017826963847265613,0
4149,1348.0,High value,0.12879940077351024,0
2131,1307.0,High value,0.8508394706256261,0
2942,486.0,Mid value,0.8858081211918495,0
1173,2252.0,High value,0.8888871786164534,1
4381,235.0,Mid value,0.13255618231311056,0
4611,1724.0,High value,0.8222074706745335,1
3376,235.0,Mid value,0.20391119258275872,0
4679,1092.0,High value,0.009727775828585283,0
10928,599.0,Mid value,0.06475685754353855,0
4248,2008.0,High value,0.7076898455344695,0
6728,48.0,Low value,0.4387024416959084,0
6661,1174.0,High value,0.14332300865469522,0
4725,67.0,Low value,0.010800678714276334,0
3277,365.0,Mid value,0.8587061911978772,0
5555,6.0,Low value,0.10167411137147356,0
2564,165.0,Mid value,0.008555782862579492,0
946,210.0,Mid value,0.12032883671286389,0
3867,1095.0,High value,0.02481409292399784,0
6940,223.0,Mid value,0.4807529107254388,0
55,597.0,Mid value,0.03525708793672545,0
7093,22.0,Low value,0.023752145700666236,0
5084,1064.0,High value,0.0038536631552053844,0
1777,74.0,Low value,0.600996055376156,0
8162,26.0,Low value,0.16620703609849244,0
10826,60.0,Low value,0.33573682761062884,0
8754,20.0,Low value,0.39711329124217076,0
1987,59.0,Low value,0.15817995637805413,0
11007,34.0,Low value,0.26246626827190533,0
7426,198.0,Mid value,0.011422669181656409,0
9153,1048.0,High value,0.04065757296934191,0
10379,574.0,Mid value,0.025444304311821472,0
9204,1029.0,High value,0.6967961735028418,0
3197,670.0,Mid value,0.03590292671229296,0
2920,990.0,High value,0.4321527924575524,0
6961,11.0,Low value,0.06421683796132098,0
4673,1241.0,High value,0.9619443595039363,1
9937,576.0,Mid value,0.011880271864318144,0
8779,172.0,Mid value,0.7496275321845014,1
9596,664.0,Mid value,0.1402677141356253,0
2891,928.0,High value,0.3949208262295407,0
4910,2074.0,High value,0.3836738660110886,0
75,467.0,Mid value,0.2895328317633543,0
10120,257.0,Mid value,0.007724580762639699,0
6327,1146.0,High value,0.03680112682172362,0
10142,689.0,Mid value,0.032256465992777546,0
9826,2114.0,High value,0.5348073360021735,1
1501,1717.0,High value,0.9994458622911406,0
10767,1346.0,High value,0.35813638057327496,0
7279,1044.0,High value,0.7756216925236868,0
7230,493.0,Mid value,0.6839916147918332,1
143,957.0,High value,0.3515036703431478,0
450,270.0,Mid value,0.027740426786438677,0
9316,29.0,Low value,0.10269983575730854,0
6379,121.0,Mid value,0.767862525886362,1
9239,126.0,Mid value,0.01553363248323399,0
8315,23.0,Low value,0.18506849832337,0
2868,57.0,Low value,0.6811268720498471,1
10888,636.0,Mid value,0.4249125792132052,0
1277,1004.0,High value,0.22343518638631513,0
9977,734.0,Mid value,0.06245206172125021,0
10196,614.0,Mid value,0.03296618815806086,0
6384,1453.0,High value,0.25224787487381395,0
8029,1621.0,High value,0.9782959378501085,1
968,187.0,Mid value,0.3090940461349116,0
6988,1443.0,High value,0.550506551217807,0
4472,57.0,Low value,0.1204214555251576,0
6991,637.0,Mid value,0.13002097704457638,0
3336,948.0,High value,0.11219814180906322,0
4301,59.0,Low value,0.8774615437698707,1
1940,18.0,Low value,0.2543607969489898,0
1272,903.0,High value,0.40476880020636,0
1388,112.0,Low value,0.7331357349269927,0
1044,596.0,Mid value,0.17513808632721187,0
6969,233.0,Mid value,0.03100325477539165,0
10479,1511.0,High value,0.6065525137786643,0
3619,1152.0,High value,0.932918466974913,1
1715,48.0,Low value,0.2016741651040267,0
10159,1185.0,High value,0.22281432488234573,0
1463,21.0,Low value,0.2732536454746797,0
5114,965.0,High value,0.7169979319238311,0
4990,869.0,High value,0.06843571470828265,0
4329,16.0,Low value,0.06356421663535804,0
10936,1947.0,High value,0.5058521393200397,0
4692,71.0,Low value,0.9612183615152706,1
7212,65.0,Low value,0.00358683099128377,0
6086,1380.0,High value,0.0827991916619481,0
437,1027.0,High value,0.10915564225583443,0
11171,411.0,Mid value,0.11802934570573423,0
11101,836.0,High value,0.8242235754257037,0
5329,11.0,Low value,0.38741432946708443,0
610,480.0,Mid value,0.5617767167822703,0
9384,606.0,Mid value,0.03422970703388238,0
5956,284.0,Mid value,0.2295671420608309,0
10430,1472.0,High value,0.9914942971202164,0
7875,1677.0,High value,0.5800834742797905,1
7072,1335.0,High value,0.24693916516091466,0
6255,334.0,Mid value,0.011051212567682427,0
6516,18.0,Low value,0.15010296784629176,0
5564,1338.0,High value,0.6338895024366628,0
5682,1099.0,High value,0.6818032086056068,0
7458,97.0,Low value,0.3428151338926071,0
5237,63.0,Low value,0.09838278460553886,0
7761,109.0,Low value,0.023278375078404072,0
5278,902.0,High value,0.24752381184580846,0
3560,1574.0,High value,0.2111459741254811,0
7235,38.0,Low value,0.04643979416388446,0
10548,960.0,High value,0.08951882331289895,0
2281,28.0,Low value,0.6706782475557096,0
4073,1215.0,High value,0.7970754815194699,1
6974,1497.0,High value,0.16092266790761742,0
7938,449.0,Mid value,0.0041643741091356235,0
7094,1064.0,High value,0.0038536631552053844,0
3667,1757.0,High value,0.987610154096368,1
7723,1440.0,High value,0.09105398053990248,0
3870,1006.0,High value,0.09047284517200986,0
4012,1226.0,High value,0.757944871879323,1
5909,1171.0,High value,0.15851090586617847,0
10470,92.0,Low value,0.5718058365500823,0
6488,99.0,Low value,0.024664678208501722,0
10270,66.0,Low value,0.2033540314296792,0
6887,564.0,Mid value,0.05421525094566373,0
6406,1427.0,High value,0.2532025633597388,0
7573,86.0,Low value,0.9537812848152764,1
4508,833.0,Mid value,0.06288455724885555,0
221,242.0,Mid value,0.04266088020413476,0
5331,1869.0,High value,0.8839603572091671,0
1911,1364.0,High value,0.665979786000253,0
20,183.0,Mid value,0.009689664896317894,0
8786,450.0,Mid value,0.0854183342851169,0
10582,758.0,Mid value,0.05511856647269806,0
1915,1507.0,High value,0.2828084023241596,0
8897,654.0,Mid value,0.7708462408471103,1
2371,81.0,Low value,0.28648132672028215,0
4303,137.0,Mid value,0.39126248552124343,0
6825,16.0,Low value,0.049808077935271734,0
1072,93.0,Low value,0.25622917281038526,0
4964,1158.0,High value,0.11740977849222868,0
2461,43.0,Low value,0.045099038030359834,0
10736,1525.0,High value,0.5955830088083259,0
3194,1230.0,High value,0.040641988521082736,0
10839,29.0,Low value,0.025854144663106142,0
49,25.0,Low value,0.12153396925802472,0
4290,24.0,Low value,0.1380647875505782,0
10219,38.0,Low value,0.11640745973421013,0
4211,57.0,Low value,0.4762121166166837,0
1135,47.0,Low value,0.009856492255649645,0
6299,813.0,Mid value,0.9872875494385818,1
10846,629.0,Mid value,0.2133743503393001,0
347,377.0,Mid value,0.8027324849167841,0
6543,1612.0,High value,0.6878703981488659,0
10446,729.0,Mid value,0.985771340836896,1
3479,50.0,Low value,0.795136023795634,0
11075,270.0,Mid value,0.09134417117115863,0
4442,177.0,Mid value,0.10821711190267648,0
199,315.0,Mid value,0.889494952066308,0
6722,767.0,Mid value,0.007734705616836032,0
796,1071.0,High value,0.7306693241034532,0
3749,1580.0,High value,0.09958221921394178,0
8523,60.0,Low value,0.10165305204203613,0
310,573.0,Mid value,0.00834561873576361,0
8629,41.0,Low value,0.12926326394695112,0
236,170.0,Mid value,0.13275625188817555,0
9930,1167.0,High value,0.37605907389862714,0
3483,1526.0,High value,0.8808676464630449,1
4599,458.0,Mid value,0.04370316030724748,0
7326,63.0,Low value,0.00880620461057104,0
7352,405.0,Mid value,0.09268091642921485,0
2350,1027.0,High value,0.2075785175267394,0
9145,1478.0,High value,0.5619153722412925,0
2964,72.0,Low value,0.6183030940731881,0
5585,48.0,Low value,0.7415801392197722,1
9687,726.0,Mid value,0.43080305202560254,0
3732,860.0,High value,0.09664669370585627,0
6303,1497.0,High value,0.023673357293193094,0
11176,495.0,Mid value,0.0713038216953651,0
2986,20.0,Low value,0.010489342095718744,0
7462,570.0,Mid value,0.8231141095930548,0
3900,769.0,Mid value,0.009510718954808615,0
7034,55.0,Low value,0.11013720959000249,0
9493,1808.0,High value,0.9935991281922375,1
1143,55.0,Low value,0.11980168605309302,0
1,577.0,Mid value,0.7116335481487329,1
3855,162.0,Mid value,0.3038419033098449,0
5536,1957.0,High value,0.9939577156893716,1
5989,1576.0,High value,0.10331252210487883,0
9499,1616.0,High value,0.3973664581198597,0
6768,36.0,Low value,0.23467369870744806,0
2150,1482.0,High value,0.4850544391306491,0
6646,22.0,Low value,0.06208485650910405,0
4887,63.0,Low value,0.13715585094622154,0
8560,680.0,Mid value,0.43738688764571815,0
3321,542.0,Mid value,0.19284064035034687,0
11003,50.0,Low value,0.15707982371138282,0
10402,39.0,Low value,0.05047460787231495,0
9904,1043.0,High value,0.042906654340263105,0
6141,385.0,Mid value,0.3843088016270805,0
5687,1633.0,High value,0.19380484290792807,0
10856,46.0,Low value,0.2040353583616585,0
5121,761.0,Mid value,0.59396895430309,0
4186,76.0,Low value,0.2426624768394096,0
368,290.0,Mid value,0.12586016921748186,0
3312,89.0,Low value,0.23142209311884035,0
11121,70.0,Low value,0.23029859318525922,0
5332,1066.0,High value,0.3948256969732725,0
5848,2009.0,High value,0.9468152408483845,1
10343,1345.0,High value,0.8337618777842662,0
5935,764.0,Mid value,0.32771419240043853,0
2895,195.0,Mid value,0.041517466170858365,0
10262,53.0,Low value,0.04916721967300016,0
7848,368.0,Mid value,0.6784739804769737,0
9477,544.0,Mid value,0.12194168072157381,0
4856,1853.0,High value,0.9331530639046388,0
7186,35.0,Low value,0.22161743039606185,0
5794,446.0,Mid value,0.8258057008161658,1
1456,1180.0,High value,0.3842018572141963,0
4877,41.0,Low value,0.1568106993861891,0
425,727.0,Mid value,0.027495636364560615,0
3007,40.0,Low value,0.2709590034508146,0
1031,1062.0,High value,0.7387997279417962,0
4297,40.0,Low value,0.019061485199453252,0
807,292.0,Mid value,0.12464970509851077,0
9553,15.0,Low value,0.15132028040712883,0
4271,341.0,Mid value,0.09658358915111462,0
4120,369.0,Mid value,0.08677514426444403,0
2036,401.0,Mid value,0.13146283997950528,0
115,393.0,Mid value,0.553947476292648,0
4259,10.0,Low value,0.1151118426520671,0
8687,486.0,Mid value,0.03671971610255004,0
2447,69.0,Low value,0.15847009178975058,0
10140,1727.0,High value,0.9847298564502313,0
9353,995.0,High value,0.4389202082829254,0
3623,45.0,Low value,0.02163975618568563,0
738,182.0,Mid value,0.1188753673610534,0
7631,989.0,High value,0.03914974943603571,0
4789,1677.0,High value,0.8918817468663618,0
773,595.0,Mid value,0.5137380910605941,0
10602,156.0,Mid value,0.3060108729731213,0
1446,1226.0,High value,0.18949184860115456,0
3270,128.0,Mid value,0.061967084419716226,0
8443,86.0,Low value,0.7693141566339724,1
9653,68.0,Low value,0.5976663796449825,0
8916,16.0,Low value,0.07468468300234157,0
8017,55.0,Low value,0.004949070161527108,0
5830,2114.0,High value,0.5348073360021735,1
4597,2018.0,High value,0.0434467725458675,0
7023,263.0,Mid value,0.48033012555345833,0
8086,55.0,Low value,0.08121139688459914,0
8825,564.0,Mid value,0.3556764456327704,0
2930,1281.0,High value,0.4892808834973488,0
1928,83.0,Low value,0.3685950781118636,0
7108,353.0,Mid value,0.6341512207729093,0
10925,1003.0,High value,0.008202292329485213,0
9960,14.0,Low value,0.03982682347599173,0
8800,902.0,High value,0.9771423313416269,1
9224,1139.0,High value,0.7023578065747834,0
5519,797.0,Mid value,0.43408585422772367,1
5046,1638.0,High value,0.040548831534624345,0
7037,401.0,Mid value,0.07442034581651694,0
905,84.0,Low value,0.3436477425610811,0
8624,928.0,High value,0.08314763527591677,0
8945,203.0,Mid value,0.2147362548686523,0
6445,858.0,High value,0.09108892870689077,0
2727,409.0,Mid value,0.16524220139879814,0
6404,282.0,Mid value,0.30697515357908856,0
11074,1423.0,High value,0.01529427720988752,0
10150,1449.0,High value,0.8702024404135873,1
1968,28.0,Low value,0.1848139811883403,0
6534,67.0,Low value,0.007243441601382173,0
9485,199.0,Mid value,0.17946547754601197,0
7053,1453.0,High value,0.43160145796371574,0
4654,1253.0,High value,0.3332820701576601,0
9760,1198.0,High value,0.7555007051010094,1
1048,178.0,Mid value,0.32632615640460794,1
10619,1990.0,High value,0.9745711955072589,1
9308,976.0,High value,0.22639927442057983,0
10505,1001.0,High value,0.022812286634523407,0
8362,1919.0,High value,0.9912298932011199,1
2625,350.0,Mid value,0.07173190571145105,0
4637,1650.0,High value,0.8106018318295148,0
9972,46.0,Low value,0.6254678618580752,0
4483,1228.0,High value,0.5519205180800882,0
4487,95.0,Low value,0.24269807247287967,1
4988,62.0,Low value,0.027264763260440264,0
8931,1761.0,High value,0.021198489410737927,0
5871,467.0,Mid value,0.24906732709569854,0
2008,1149.0,High value,0.04613368741588064,0
3139,2052.0,High value,0.3762402305821024,0
10037,1127.0,High value,0.1258580348940745,0
10673,1416.0,High value,0.5857822133054913,0
5303,1113.0,High value,0.07151784585812439,0
538,125.0,Mid value,0.02696445936562852,0
7922,966.0,High value,0.917524243778457,0
5692,32.0,Low value,0.04320928422938361,0
4843,833.0,Mid value,0.06288455724885555,0
6383,46.0,Low value,0.01831357285929093,0
1628,960.0,High value,0.23467798965444098,0
1204,1829.0,High value,0.5696817896221384,0
3673,779.0,Mid value,0.06184004293527614,0
760,811.0,Mid value,0.5214828515729703,0
8957,1120.0,High value,0.4713349903351402,0
4128,725.0,Mid value,0.11355337246838582,0
6810,1187.0,High value,0.604265833988043,1
5386,2302.0,High value,0.989174487651156,1
8700,66.0,Low value,0.35307283261394456,0
3202,1250.0,High value,0.9432163274860905,0
1328,683.0,Mid value,0.00781742562913363,0
8405,305.0,Mid value,0.044518545324499455,0
6515,50.0,Low value,0.008656454214029469,0
2882,995.0,High value,0.3778907245791699,0
7574,41.0,Low value,0.012902392600598321,0
6387,77.0,Low value,0.24578264944348924,0
5320,171.0,Mid value,0.7251608014962859,1
5048,131.0,Mid value,0.5628039194224981,0
8146,54.0,Low value,0.009861252788171241,0
10031,53.0,Low value,0.40268314086018187,0
5748,475.0,Mid value,0.04902475991037819,1
2134,694.0,Mid value,0.18479348159556724,0
1523,96.0,Low value,0.03917086556546294,0
9665,361.0,Mid value,0.508545140924571,0
4640,1079.0,High value,0.08696981454410177,0
3635,578.0,Mid value,0.03764975242255227,0
3547,64.0,Low value,0.5004522488245928,1
2456,149.0,Mid value,0.0416337963880397,0
5633,231.0,Mid value,0.021358041900026527,0
7801,728.0,Mid value,0.0032356960766246274,0
10489,1778.0,High value,0.8715315912058146,1
7011,93.0,Low value,0.31343625297525546,0
2620,23.0,Low value,0.321990044414817,1
3933,662.0,Mid value,0.48748363682557017,0
10981,1198.0,High value,0.0632702570652223,0
1734,81.0,Low value,0.4210806538511327,0
10995,92.0,Low value,0.5495070041289193,0
6357,491.0,Mid value,0.11019505779619003,0
9209,1564.0,High value,0.05598078490770428,0
10286,926.0,High value,0.04977122730223982,0
2611,1910.0,High value,0.45009388428133984,0
1600,411.0,Mid value,0.11802934570573423,0
3308,94.0,Low value,0.02799755373927372,0
5407,1085.0,High value,0.2482040177198619,0
2166,23.0,Low value,0.12310237752444586,0
3955,6.0,Low value,0.5744136339502048,0
6634,54.0,Low value,0.10881799674388021,0
3056,1150.0,High value,0.11313046883151998,0
5718,1415.0,High value,0.9690907108139063,1
6872,405.0,Mid value,0.06597269126951612,0
8164,1908.0,High value,0.6416082325839975,0
4580,2486.0,High value,0.9728420040954793,1
9305,1315.0,High value,0.08456555618472884,0
453,45.0,Low value,0.30005695499810714,0
8545,1789.0,High value,0.992183200092405,1
9850,19.0,Low value,0.25857221288959714,0
7378,573.0,Mid value,0.876884556977992,0
7646,805.0,Mid value,0.010164790950599604,0
1640,108.0,Low value,0.031026401068819973,0
5184,23.0,Low value,0.18506849832337,0
8492,1493.0,High value,0.4564415940043382,0
11188,89.0,Low value,0.010904040682171903,0
1212,936.0,High value,0.7986698303275425,0
9097,343.0,Mid value,0.08279500298403687,0
10473,528.0,Mid value,0.9497864347235666,1
7962,1901.0,High value,0.9970590503107979,1
9984,724.0,Mid value,0.9618441643839664,1
5527,58.0,Low value,0.35582864627870586,0
6374,297.0,Mid value,0.3597038165722008,0
7453,488.0,Mid value,0.9084370806633225,1
8952,859.0,High value,0.02510106571110159,0
241,1574.0,High value,0.2111459741254811,0
8975,69.0,Low value,0.3317856471510005,0
6119,17.0,Low value,0.4660803138157227,0
5236,2194.0,High value,0.9903355299952261,0
5723,116.0,Low value,0.019226270967074393,0
1710,279.0,Mid value,0.6271887288131721,0
1970,103.0,Low value,0.6341232577755638,0
5313,44.0,Low value,0.0689853787056744,0
10634,406.0,Mid value,0.019590729500011006,0
7010,1363.0,High value,0.2840336059020114,0
8562,236.0,Mid value,0.038858599857977,0
3158,39.0,Low value,0.5725067767435026,0
4436,137.0,Mid value,0.7870204214567378,0
5287,79.0,Low value,0.012168820483334838,0
2445,63.0,Low value,0.05339250212371897,0
6059,1314.0,High value,0.46896772152630284,1
4550,71.0,Low value,0.016269164841619187,0
4240,58.0,Low value,0.20629803644462355,0
8911,702.0,Mid value,0.3362366914466139,0
3706,94.0,Low value,0.6208654122862374,1
3628,80.0,Low value,0.13071127947411257,0
10175,22.0,Low value,0.668124156221334,0
8985,1211.0,High value,0.15349882079930924,0
5204,1461.0,High value,0.90838990082624,1
9220,1968.0,High value,0.8559484894404094,1
9888,1091.0,High value,0.13454421503233277,0
5263,55.0,Low value,0.03208821666487899,0
1020,1366.0,High value,0.141880634123526,0
9503,313.0,Mid value,0.7454480860539321,0
10613,62.0,Low value,0.06014694961291094,0
67,92.0,Low value,0.5200315072372534,0
6019,72.0,Low value,0.5979965438461354,1
5863,655.0,Mid value,0.016876794460842434,0
3717,704.0,Mid value,0.04912499908087054,0
6730,54.0,Low value,0.09622628392202294,0
10749,178.0,Mid value,0.9913514156109162,0
4998,1033.0,High value,0.11506361130755416,0
6287,36.0,Low value,0.35491530350318456,1
5985,122.0,Mid value,0.8840404969813541,0
4754,122.0,Mid value,0.013736517496915351,0
4002,1123.0,High value,0.11623969720952648,0
8870,497.0,Mid value,0.25358476796189167,1
966,691.0,Mid value,0.02872529290923203,0
4767,1363.0,High value,0.2840336059020114,0
9725,12.0,Low value,0.3857025465230542,0
4475,2440.0,High value,0.42749820112565906,0
5740,56.0,Low value,0.7755119599040745,1
5731,37.0,Low value,0.11336325160856564,0
7290,968.0,High value,0.21375651856656075,0
3846,270.0,Mid value,0.15308313233699913,0
8104,278.0,Mid value,0.4307007050903895,0
4507,1250.0,High value,0.3746053647592602,0
11013,938.0,High value,0.12726813843975587,0
4491,1178.0,High value,0.927639318616787,0
3759,1155.0,High value,0.16854848747940368,0
1162,653.0,Mid value,0.692445768084344,1
2055,49.0,Low value,0.5514126531270996,0
10766,506.0,Mid value,0.041188459768835756,0
4415,38.0,Low value,0.6247871111216203,0
3005,1650.0,High value,0.9564315147031658,1
2223,1826.0,High value,0.8238313123041735,0
4817,18.0,Low value,0.6015001310611199,0
2875,906.0,High value,0.002650206854801118,0
10536,46.0,Low value,0.01831357285929093,0
11112,1477.0,High value,0.49008750349933133,0
3807,766.0,Mid value,0.03841973887326352,0
9197,47.0,Low value,0.007553906418245454,0
10832,467.0,Mid value,0.43324474497597815,0
6421,2116.0,High value,0.6397959659754736,0
4207,1298.0,High value,0.9253737330663762,0
577,22.0,Low value,0.17078688422697794,0
10855,396.0,Mid value,0.14722789956420979,0
3081,20.0,Low value,0.1964469215965939,0
3535,967.0,High value,0.13568549802339286,0
247,357.0,Mid value,0.7650296526578325,1
8707,1401.0,High value,0.9344871669181035,1
9523,15.0,Low value,0.01183193441333452,0
6072,2087.0,High value,0.9896863408607469,1
6295,981.0,High value,0.5393769094126587,0
10914,17.0,Low value,0.4541092604623091,0
1509,523.0,Mid value,0.9974812101664516,1
5577,23.0,Low value,0.01005218280830666,0
7348,1192.0,High value,0.8291272108486709,1
1127,1958.0,High value,0.3958765306405906,0
1833,133.0,Mid value,0.031646006282504066,0
4944,777.0,Mid value,0.21661532633730396,0
9080,73.0,Low value,0.8330026580781358,0
6466,121.0,Mid value,0.116958607193766,0
9964,424.0,Mid value,0.059068899535471744,0
4790,868.0,High value,0.03933118573663309,0
10245,756.0,Mid value,0.26728003183807775,0
1109,12.0,Low value,0.235050247018427,0
6001,937.0,High value,0.07717678003550703,0
5538,1862.0,High value,0.9686151894991695,1
10552,367.0,Mid value,0.10741847771363708,0
1545,443.0,Mid value,0.04965029982984479,0
7409,267.0,Mid value,0.015616408053978426,0
4444,61.0,Low value,0.06303562890421369,0
146,1323.0,High value,0.281436282374609,0
6271,63.0,Low value,0.09713867406955475,0
10065,64.0,Low value,0.262833494098454,0
4741,562.0,Mid value,0.10033413639088797,0
246,312.0,Mid value,0.007492904466368662,0
375,1156.0,High value,0.07376624198665697,0
1524,1104.0,High value,0.9793456460403334,1
10022,16.0,Low value,0.08400200369972935,0
7451,2008.0,High value,0.7076898455344695,0
11010,44.0,Low value,0.2551647537860637,0
4356,1574.0,High value,0.6149316009465989,0
3885,63.0,Low value,0.7798785473224082,1
1175,426.0,Mid value,0.8641798677703355,1
880,96.0,Low value,0.33461525506549084,0
2320,635.0,Mid value,0.02252129338691399,0
850,757.0,Mid value,0.2631181370962766,0
4713,125.0,Mid value,0.6797553132833318,0
675,332.0,Mid value,0.26531983563158734,0
5025,135.0,Mid value,0.1413729503656174,0
2308,330.0,Mid value,0.29178720661903607,0
5995,384.0,Mid value,0.6012451697837013,1
6749,1722.0,High value,0.6147204084066908,0
1010,78.0,Low value,0.004587595943131985,0
8977,24.0,Low value,0.4459809356401561,0
4756,1168.0,High value,0.09382162350063684,1
3412,957.0,High value,0.23379122882191533,0
606,15.0,Low value,0.06482202913264337,0
5961,57.0,Low value,0.03474039277429432,0
2975,1956.0,High value,0.26311154797312625,0
2894,2013.0,High value,0.9679884130130576,1
7613,326.0,Mid value,0.001706050505355994,0
10542,77.0,Low value,0.5270784132784038,0
8015,1313.0,High value,0.22815250188149044,1
10617,30.0,Low value,0.33943141367752133,0
11166,315.0,Mid value,0.09878457595884864,0
849,660.0,Mid value,0.018731559663552017,0
523,74.0,Low value,0.13771165199564986,0
4066,46.0,Low value,0.03115656589674203,0
8414,86.0,Low value,0.1478085641797315,0
819,1103.0,High value,0.015288407758272476,0
4961,61.0,Low value,0.03388835382808692,0
749,145.0,Mid value,0.3401174605137982,1
5430,684.0,Mid value,0.82533765627522,0
7755,411.0,Mid value,0.04592111777653431,0
10525,27.0,Low value,0.9142718975559849,1
1453,1060.0,High value,0.15231705478771773,0
8310,1459.0,High value,0.13997661056678984,0
10710,18.0,Low value,0.3316777631959266,0
5031,1833.0,High value,0.889671742364631,1
2613,237.0,Mid value,0.0403163171844735,0
213,48.0,Low value,0.03942050250010386,0
967,515.0,Mid value,0.2679796904781188,1
1077,1020.0,High value,0.6059441440186101,0
7959,1370.0,High value,0.17029875698472957,0
640,1026.0,High value,0.05154564330392155,0
4252,301.0,Mid value,0.00658586323580747,0
8432,684.0,Mid value,0.82533765627522,0
6218,499.0,Mid value,0.2882490144001487,0
6905,1004.0,High value,0.24708927807422582,0
5922,218.0,Mid value,0.10803669403321906,0
3598,606.0,Mid value,0.01592177498784207,0
6116,75.0,Low value,0.16857887439750258,0
6263,106.0,Low value,0.41822361933977925,0
10486,990.0,High value,0.11961774243333037,0
2410,1097.0,High value,0.07349428264626277,0
193,16.0,Low value,0.095020465701774,0
3363,34.0,Low value,0.013736965943999903,0
8278,1711.0,High value,0.9768960308764263,0
10660,438.0,Mid value,0.2214864650535044,0
8686,75.0,Low value,0.06707165522896147,0
1604,225.0,Mid value,0.00883173855126831,0
5907,18.0,Low value,0.5484392998280694,0
10669,470.0,Mid value,0.08577506829831666,0
2918,91.0,Low value,0.16318567401847778,0
5735,2525.0,High value,0.7039802273425598,0
359,504.0,Mid value,0.26893430271491936,0
8387,235.0,Mid value,0.08191165350266869,0
1829,1232.0,High value,0.9580793421773097,1
3839,88.0,Low value,0.12078589722684736,0
9392,17.0,Low value,0.21022806426088345,0
2292,24.0,Low value,0.05330451998487089,0
10466,60.0,Low value,0.015672299250507147,0
9855,1020.0,High value,0.3813704131109586,0
4088,155.0,Mid value,0.5725425555846301,0
5231,51.0,Low value,0.05941202999018791,0
590,1812.0,High value,0.9457097391051618,1
8732,1461.0,High value,0.8034742035958515,1
2315,96.0,Low value,0.06527545091013116,0
3515,160.0,Mid value,0.015240840715339168,0
2245,139.0,Mid value,0.15792076283040377,0
6283,908.0,High value,0.12860109351590243,0
2246,183.0,Mid value,0.009689664896317894,0
6606,1161.0,High value,0.5545799096794798,0
5545,988.0,High value,0.0875881916907698,0
7342,1072.0,High value,0.45711446192394983,0
837,174.0,Mid value,0.2437604984009682,0
9500,758.0,Mid value,0.08872001221489728,0
3602,195.0,Mid value,0.058341888011784165,0
234,31.0,Low value,0.8517822652013876,1
2995,1084.0,High value,0.04686085492732335,0
1118,685.0,Mid value,0.42388042486720395,0
7789,1672.0,High value,0.1672611771209992,0
3068,43.0,Low value,0.5390468932515209,0
8955,49.0,Low value,0.20652874643579053,0
945,133.0,Mid value,0.08125971802234919,0
5644,363.0,Mid value,0.02349776191813105,0
7192,545.0,Mid value,0.01449812240078591,0
2324,1065.0,High value,0.2725861739175787,0
697,2047.0,High value,0.7106740561578793,0
3439,296.0,Mid value,0.21071286289200833,0
1506,140.0,Mid value,0.45975136861915533,1
232,530.0,Mid value,0.14816257476589492,0
8876,152.0,Mid value,0.6067361641287894,0
4500,1598.0,High value,0.15430948758991528,0
9739,114.0,Low value,0.5185882233931279,0
10395,101.0,Low value,0.7340768018271336,0
1176,25.0,Low value,0.090980138235219,0
1627,789.0,Mid value,0.42771584169614535,0
938,87.0,Low value,0.609005782022649,0
2740,90.0,Low value,0.1109087038600338,0
257,1215.0,High value,0.05704836927203432,0
4058,811.0,Mid value,0.5747394137426385,0
7736,61.0,Low value,0.8176341538966183,1
8210,405.0,Mid value,0.029679299658294092,0
833,72.0,Low value,0.029291831264655375,0
6230,189.0,Mid value,0.46889992699568706,0
7325,40.0,Low value,0.04733820723074123,0
1307,63.0,Low value,0.22132464036170532,0
1502,52.0,Low value,0.09804693849049005,0
6211,39.0,Low value,0.03957548382344049,0
843,805.0,Mid value,0.007360219324419954,0
4174,130.0,Mid value,0.005425165107670957,0
9757,1631.0,High value,0.4181648662729021,0
6918,34.0,Low value,0.08786705184620805,0
286,152.0,Mid value,0.10978006635768736,0
11086,21.0,Low value,0.13056312167688292,0
1921,71.0,Low value,0.05414774158954382,0
4138,899.0,High value,0.11584037538090132,0
7718,711.0,Mid value,0.07374448428799989,0
1291,351.0,Mid value,0.354253772625837,0
6862,8.0,Low value,0.7987501015492038,0
4136,119.0,Mid value,0.4702301045755504,0
803,21.0,Low value,0.04930577232048893,0
4298,10.0,Low value,0.0429602015943639,0
10833,973.0,High value,0.014293187184862374,0
9606,1536.0,High value,0.8742793896955384,1
8534,992.0,High value,0.06663794699575828,0
5153,1529.0,High value,0.24436379061496274,1
961,860.0,High value,0.02642651239803327,0
5011,928.0,High value,0.3949208262295407,0
6653,418.0,Mid value,0.4625947957487634,1
9094,587.0,Mid value,0.5849532938289211,1
810,641.0,Mid value,0.003130067936488985,0
5493,23.0,Low value,0.30053235368221504,0
2147,2279.0,High value,0.37101615041429586,0
5107,49.0,Low value,0.5514126531270996,0
3979,1779.0,High value,0.6094404889363801,1
6049,1804.0,High value,0.35272250451563153,0
8147,48.0,Low value,0.1625832999874203,0
1857,83.0,Low value,0.4142822850927572,1
3910,1862.0,High value,0.9686151894991695,1
5207,793.0,Mid value,0.8447748470825196,1
11114,84.0,Low value,0.05787372125276466,0
5429,183.0,Mid value,0.3464502388149812,0
9400,1383.0,High value,0.07013899773036468,0
1740,999.0,High value,0.6662244231869494,0
7488,825.0,Mid value,0.14473195768816163,0
195,246.0,Mid value,0.9656039956505513,1
635,610.0,Mid value,0.2731427910370582,0
7527,76.0,Low value,0.2510089206560665,0
10319,1286.0,High value,0.227774796616531,0
2296,30.0,Low value,0.5930843056160174,0
10637,99.0,Low value,0.11237553710174453,0
2931,1192.0,High value,0.6483848675850208,0
907,362.0,Mid value,0.055499758349032355,0
3698,2130.0,High value,0.9629584953603696,1
9516,1229.0,High value,0.9219567453326943,1
679,38.0,Low value,0.4998674667066614,0
7384,485.0,Mid value,0.35994247572421856,0
5043,434.0,Mid value,0.11273767660167885,0
5267,44.0,Low value,0.368745543195411,0
339,496.0,Mid value,0.5844770282104538,1
2516,78.0,Low value,0.037665338546250995,0
9010,2346.0,High value,0.9548321981415734,1
378,794.0,Mid value,0.12594467608540785,0
4808,17.0,Low value,0.5249148298943214,0
5068,26.0,Low value,0.1528553948155824,0
7628,76.0,Low value,0.05805400324608682,0
7128,15.0,Low value,0.08681865547446455,0
2811,62.0,Low value,0.20712165897160234,0
3551,198.0,Mid value,0.027854934298980095,0
1663,49.0,Low value,0.0330705685411631,0
5543,802.0,Mid value,0.1137535223831121,0
1577,1736.0,High value,0.8063838504262535,1
10641,57.0,Low value,0.8578329265146069,0
5336,59.0,Low value,0.1344521283323995,0
6024,2302.0,High value,0.989174487651156,1
1878,37.0,Low value,0.028167825576874684,0
3099,310.0,Mid value,0.572632022166924,0
6055,1305.0,High value,0.44322622232255665,0
5841,832.0,Mid value,0.06861900718995839,0
3972,401.0,Mid value,0.12759158993495212,0
4394,1501.0,High value,0.40795499381664124,0
5758,1189.0,High value,0.9610221561860313,1
6658,1194.0,High value,0.06339407076443442,0
4603,656.0,Mid value,0.01819777299202836,0
8427,1540.0,High value,0.39526860712493744,0
10260,311.0,Mid value,0.03888089673893006,0
7143,820.0,Mid value,0.043360645381554805,0
8789,274.0,Mid value,0.005240763232083449,0
6197,57.0,Low value,0.6656445065477161,0
4554,448.0,Mid value,0.006223388387695915,0
4937,44.0,Low value,0.008654361611669692,0
1920,102.0,Low value,0.08076669972144075,0
8749,61.0,Low value,0.02138933923791564,0
1650,1643.0,High value,0.3851404939084,0
10377,397.0,Mid value,0.16662677176740973,0
9206,1121.0,High value,0.045238664171420084,0
10971,473.0,Mid value,0.9788478689036821,1
6398,50.0,Low value,0.07901845751835206,0
9212,1678.0,High value,0.22578704699735264,0
7937,58.0,Low value,0.02893872574636956,0
839,170.0,Mid value,0.09474485196112016,0
4246,373.0,Mid value,0.9138075732215216,0
158,1196.0,High value,0.9045815637883887,1
4832,101.0,Low value,0.020715610274318983,0
5621,316.0,Mid value,0.6589014471835624,1
1945,1400.0,High value,0.8993686485136961,0
5147,1424.0,High value,0.0912368853758993,0
2535,844.0,High value,0.9886445197227823,1
11039,311.0,Mid value,0.08243643643631877,0
9495,1149.0,High value,0.46150886346502673,0
9635,129.0,Mid value,0.304561141509985,0
2173,32.0,Low value,0.2229277455283654,0
942,299.0,Mid value,0.8694453425777835,1
9386,320.0,Mid value,0.011327226297450836,0
5510,441.0,Mid value,0.6263982987157947,0
873,1178.0,High value,0.927639318616787,1
2253,85.0,Low value,0.627597093393936,0
5181,24.0,Low value,0.20789305915336115,0
979,112.0,Low value,0.7331357349269927,0
10390,30.0,Low value,0.21349277301536462,0
4698,410.0,Mid value,0.4312996814964544,0
7793,800.0,Mid value,0.5749427703271509,0
1745,1313.0,High value,0.22815250188149044,1
10590,1483.0,High value,0.08837414042253065,0
5080,1258.0,High value,0.8562030341595714,1
8369,28.0,Low value,0.5346039433776231,0
5232,227.0,Mid value,0.050835298755352594,0
2407,1555.0,High value,0.9632993677926416,1
3834,861.0,High value,0.15674462290529265,0
7912,103.0,Low value,0.4203767303911474,0
7712,634.0,Mid value,0.04278610839196114,0
1065,1918.0,High value,0.2811084299520777,0
7275,131.0,Mid value,0.2987570655176909,0
1343,586.0,Mid value,0.34014760294377777,0
1384,62.0,Low value,0.45408132772438486,0
9967,447.0,Mid value,0.48038474452312063,0
6181,939.0,High value,0.3353055074883122,0
10507,797.0,Mid value,0.6983022137340557,0
2674,1143.0,High value,0.3648301627185732,1
2698,415.0,Mid value,0.17848861602205773,0
3231,30.0,Low value,0.010636317167618725,0
4096,187.0,Mid value,0.3090940461349116,0
10476,251.0,Mid value,0.058435673855988975,0
5948,237.0,Mid value,0.01118950731448809,0
9140,91.0,Low value,0.005179340559107483,0
10258,35.0,Low value,0.10982801994353278,0
5675,493.0,Mid value,0.6839916147918332,0
4743,971.0,High value,0.08239425822637511,0
8805,371.0,Mid value,0.9049330469846988,0
1542,396.0,Mid value,0.14708033284032387,0
6770,68.0,Low value,0.7553350857657313,1
8773,322.0,Mid value,0.48603663459526525,0
10420,222.0,Mid value,0.07975082009778313,0
7514,177.0,Mid value,0.03052712997224454,0
793,45.0,Low value,0.5261838942964832,0
10909,1899.0,High value,0.9632840842661567,0
8702,22.0,Low value,0.17078688422697794,0
4791,41.0,Low value,0.2788333105855665,0
2963,1440.0,High value,0.09105398053990248,0
8216,325.0,Mid value,0.5240607166075327,0
8140,95.0,Low value,0.04904617561948515,0
10146,42.0,Low value,0.1350586862731506,0
5289,72.0,Low value,0.648503147631929,0
2587,20.0,Low value,0.1137200666154147,0
4405,789.0,Mid value,0.07422804816706237,0
8663,15.0,Low value,0.021750550734345404,0
2589,59.0,Low value,0.0682664986109281,0
3421,908.0,High value,0.12860109351590243,0
10490,417.0,Mid value,0.7745433777415802,0
4094,289.0,Mid value,0.11058433780053337,0
9958,769.0,Mid value,0.009510718954808615,0
2534,188.0,Mid value,0.14440481435971064,0
4188,354.0,Mid value,0.6879282492795815,1
6613,727.0,Mid value,0.4802783543715404,0
10827,146.0,Mid value,0.6059892826291379,0
5491,319.0,Mid value,0.08703774647427194,0
8402,794.0,Mid value,0.0447508522571589,0
8783,454.0,Mid value,0.1304993385114331,0
10010,152.0,Mid value,0.9000821529643233,1
618,797.0,Mid value,0.2463551964237126,0
9121,1690.0,High value,0.9669267805105286,1
361,20.0,Low value,0.0163985318987335,0
4310,1428.0,High value,0.7360098683249785,1
2678,209.0,Mid value,0.4733876197284449,0
6376,545.0,Mid value,0.05718744107394609,0
524,96.0,Low value,0.33461525506549084,0
10341,222.0,Mid value,0.046192061230934695,0
5654,61.0,Low value,0.05483498812939513,0
4098,44.0,Low value,0.14953377996051254,0
5824,8.0,Low value,0.22038273614534695,0
7000,817.0,Mid value,0.2599385144925021,0
2561,1371.0,High value,0.604891258560972,0
5229,42.0,Low value,0.018150034108325372,0
4086,60.0,Low value,0.33573682761062884,0
2428,78.0,Low value,0.25949721539920345,0
8254,23.0,Low value,0.321990044414817,0
2836,19.0,Low value,0.12174925741137989,0
8418,61.0,Low value,0.042110995411221756,0
1362,449.0,Mid value,0.36037774990427235,0
7152,37.0,Low value,0.11336325160856564,0
10033,38.0,Low value,0.05050808707203421,0
9349,1131.0,High value,0.1803072813409846,0
274,34.0,Low value,0.058696514184687375,0
3388,294.0,Mid value,0.4065258493110303,0
922,48.0,Low value,0.22910914795915216,0
8588,289.0,Mid value,0.11058433780053337,0
2518,30.0,Low value,0.66336243131527,0
574,125.0,Mid value,0.009887287168376365,0
3220,156.0,Mid value,0.3060108729731213,0
5967,70.0,Low value,0.07437861026855062,0
1183,22.0,Low value,0.25601962617510293,0
6856,65.0,Low value,0.22066973529529357,1
4530,1930.0,High value,0.9383367470416223,1
1553,2283.0,High value,0.561281322865643,0
4682,310.0,Mid value,0.010770648130779308,0
8204,1319.0,High value,0.05643224482673389,0
5221,879.0,High value,0.5523553819251482,0
1232,1244.0,High value,0.14108620583377432,0
1927,690.0,Mid value,0.03122855220901076,0
5788,209.0,Mid value,0.18628029605343357,0
6652,1134.0,High value,0.03962039934228175,0
6246,1507.0,High value,0.3940369639107361,1
5975,57.0,Low value,0.11959366255799322,0
6875,529.0,Mid value,0.857525713210684,0
4399,1091.0,High value,0.13454421503233277,0
4042,180.0,Mid value,0.2696772280747655,1
2157,77.0,Low value,0.18597419007885424,0
10133,2349.0,High value,0.9713733812649314,1
2525,534.0,Mid value,0.36870373317545857,1
8233,556.0,Mid value,0.5991544389964565,0
9483,637.0,Mid value,0.13353710068855226,0
2945,46.0,Low value,0.6254678618580752,0
10403,44.0,Low value,0.029837204526627747,0
5074,47.0,Low value,0.33576904389225193,0
10524,795.0,Mid value,0.6382184368121749,0
4690,586.0,Mid value,0.1407154005638684,0
7521,1574.0,High value,0.2111459741254811,0
7196,13.0,Low value,0.11087004445042607,0
4406,1471.0,High value,0.37663856461182743,0
9672,65.0,Low value,0.014449000420343831,0
4864,175.0,Mid value,0.14939909844511087,0
4706,40.0,Low value,0.17338875869651918,0
4070,1078.0,High value,0.9103585598952465,1
25,1115.0,High value,0.5766497577639679,0
3697,134.0,Mid value,0.2872415111188368,0
217,1540.0,High value,0.39526860712493744,0
4220,87.0,Low value,0.18503443990691998,0
5286,217.0,Mid value,0.25062722099904833,0
9559,1034.0,High value,0.02101662532781582,0
2849,1180.0,High value,0.3842018572141963,0
7787,819.0,Mid value,0.019954455595934947,0
3102,32.0,Low value,0.0676880373667123,0
5868,46.0,Low value,0.09284771836954232,0
8370,1159.0,High value,0.2965127005608314,0
9988,860.0,High value,0.027090169558160578,0
2939,1631.0,High value,0.03599525276462409,0
5529,444.0,Mid value,0.21214344376357555,0
9743,1910.0,High value,0.4393202297201046,0
5763,380.0,Mid value,0.05563645880978155,0
3478,736.0,Mid value,0.4790316250829647,1
7494,269.0,Mid value,0.8883012639991235,0
1763,2524.0,High value,0.9612922788505703,1
7250,612.0,Mid value,0.04376743353879639,0
2005,75.0,Low value,0.012943118006127245,0
10770,1045.0,High value,0.007500089194014802,0
6885,55.0,Low value,0.18780070200339186,0
2072,1064.0,High value,0.8462002263397239,1
9463,1443.0,High value,0.6336355602182117,0
6318,1366.0,High value,0.1772185095046321,0
4093,436.0,Mid value,0.22836537031010679,0
5751,38.0,Low value,0.05050808707203421,0
3340,436.0,Mid value,0.39989017645310604,1
3594,747.0,Mid value,0.2920071321395447,0
3584,1396.0,High value,0.9964249990345481,1
3643,928.0,High value,0.19252222317292808,0
851,642.0,Mid value,0.0787486344991826,0
7706,1048.0,High value,0.6439161194996318,0
3967,943.0,High value,0.10173330192970573,0
10128,907.0,High value,0.06459124879897432,0
486,1198.0,High value,0.0632702570652223,0
9,120.0,Mid value,0.6018527243355549,0
9451,1658.0,High value,0.08663022407393992,0
9264,1638.0,High value,0.23935127929655953,0
3865,73.0,Low value,0.623332191704869,1
2853,275.0,Mid value,0.04578261032057821,0
1490,854.0,High value,0.11031901562835825,0
6310,78.0,Low value,0.20052094019361197,0
10380,106.0,Low value,0.09398191724640717,0
3887,106.0,Low value,0.8662722416587073,1
4278,1923.0,High value,0.7033805594445565,1
8643,1662.0,High value,0.1713154402059973,0
1998,84.0,Low value,0.037543191525868116,0
10795,48.0,Low value,0.15975813274723735,0
11110,5.0,Low value,0.5364777746747436,0
2408,733.0,Mid value,0.6364117566377522,0
202,1234.0,High value,0.18294324125347108,0
7998,112.0,Low value,0.1674778755009488,0
830,1658.0,High value,0.9947939435029322,1
3536,55.0,Low value,0.0818421385252634,0
6050,1513.0,High value,0.33224484249306746,0
125,271.0,Mid value,0.22722298923564105,0
3463,904.0,High value,0.009334023240740227,0
2804,120.0,Mid value,0.6018527243355549,1
3745,103.0,Low value,0.10791123508369709,0
9771,269.0,Mid value,0.25249400162270436,0
451,22.0,Low value,0.05517118881252829,0
10530,1156.0,High value,0.7903810759028576,1
1079,1086.0,High value,0.5950401554195074,0
8920,1128.0,High value,0.5563650840071506,0
6678,72.0,Low value,0.09796010793275892,0
3852,964.0,High value,0.04482280671630387,0
528,1383.0,High value,0.0654244471454843,0
73,18.0,Low value,0.15271457770393904,0
5589,793.0,Mid value,0.10331788614475026,0
10212,100.0,Low value,0.27859701545633797,0
6365,80.0,Low value,0.4662582088997526,0
5636,167.0,Mid value,0.7977890240390908,1
591,677.0,Mid value,0.1558194652597252,0
2217,23.0,Low value,0.10229676468387677,0
2544,92.0,Low value,0.05174194002400645,0
7725,641.0,Mid value,0.051283658722380596,0
8091,1106.0,High value,0.34479957959348123,0
7321,1033.0,High value,0.11506361130755416,0
5462,1174.0,High value,0.14332300865469522,0
7791,25.0,Low value,0.024702976199276715,0
955,240.0,Mid value,0.5755953530502739,1
4037,20.0,Low value,0.1436938351653315,0
6642,102.0,Low value,0.4163224404235111,0
2793,1034.0,High value,0.25373073121449624,0
5424,156.0,Mid value,0.3060108729731213,0
879,458.0,Mid value,0.04370316030724748,0
9530,17.0,Low value,0.6230706535417982,0
4828,792.0,Mid value,0.21194256915465795,0
10699,92.0,Low value,0.05135373466425574,0
1497,407.0,Mid value,0.7374907613979205,0
7476,1269.0,High value,0.35123437182262357,0
4390,841.0,High value,0.008748338647333825,0
10478,633.0,Mid value,0.5834024531341896,1
1081,1019.0,High value,0.7928627497847224,0
4261,1315.0,High value,0.9823192460228702,1
9916,54.0,Low value,0.09622628392202294,0
5350,2525.0,High value,0.7039802273425598,1
8135,52.0,Low value,0.09447525714122185,0
8685,436.0,Mid value,0.39989017645310604,1
4967,268.0,Mid value,0.49406003639415436,0
2130,147.0,Mid value,0.12196709452926091,1
9298,1798.0,High value,0.32523576450375535,0
8175,137.0,Mid value,0.14704443768824527,0
6257,507.0,Mid value,0.14896905604997596,0
3790,15.0,Low value,0.06324882792314716,0
9952,1105.0,High value,0.15392599429362683,0
3503,974.0,High value,0.10237348865135061,0
5223,66.0,Low value,0.009345029619907989,0
4608,778.0,Mid value,0.09273693541492356,1
1626,49.0,Low value,0.5514126531270996,1
4764,169.0,Mid value,0.36414183530588856,1
2471,299.0,Mid value,0.03359871991899407,0
5892,221.0,Mid value,0.5163964626575288,0
2612,1682.0,High value,0.25820346585774656,0
4971,155.0,Mid value,0.5725425555846301,0
5185,892.0,High value,0.1660118982753925,0
10069,58.0,Low value,0.6258273298367504,0
2262,311.0,Mid value,0.03888089673893006,0
1131,95.0,Low value,0.07539065866609077,0
1041,424.0,Mid value,0.9345321294891185,1
24,47.0,Low value,0.009856492255649645,0
3409,339.0,Mid value,0.4814970321310158,0
7022,1410.0,High value,0.22709961137113996,0
7943,35.0,Low value,0.05396668259426792,0
5272,562.0,Mid value,0.2685022881754106,0
5453,2352.0,High value,0.8546331986441544,0
2565,1334.0,High value,0.4886718350942158,0
800,32.0,Low value,0.041566459049241555,0
11092,41.0,Low value,0.014003053831849433,0
5062,39.0,Low value,0.11260300699940043,0
8969,1141.0,High value,0.06014037679606714,0
4656,710.0,Mid value,0.948947106426998,0
4480,401.0,Mid value,0.043610181251643135,0
9971,506.0,Mid value,0.041188459768835756,0
6729,1538.0,High value,0.25565974479763676,0
1773,57.0,Low value,0.5556849495393239,0
9242,1722.0,High value,0.8757745044333913,1
1764,270.0,Mid value,0.07689941686063852,0
6215,31.0,Low value,0.1578139241810042,1
10099,882.0,High value,0.023370661454692968,0
5423,16.0,Low value,0.10172185040543026,0
940,311.0,Mid value,0.09443696881692491,0
3011,227.0,Mid value,0.050835298755352594,0
3298,1152.0,High value,0.14941899975526227,0
8286,122.0,Mid value,0.2853347302234543,0
9668,77.0,Low value,0.47041530317413377,0
5120,1289.0,High value,0.32483533998238995,0
6097,561.0,Mid value,0.5332620915843399,0
7019,211.0,Mid value,0.13702427939604012,0
7408,233.0,Mid value,0.22665766453175173,0
8041,1092.0,High value,0.6881661352163825,0
252,601.0,Mid value,0.8306987617135544,0
9986,54.0,Low value,0.2208425637253432,1
3276,78.0,Low value,0.03426155447192592,0
3859,1095.0,High value,0.02481409292399784,0
3570,244.0,Mid value,0.053449564795650065,0
3783,116.0,Low value,0.05530585973245725,0
10207,15.0,Low value,0.157912161723666,0
10906,425.0,Mid value,0.13931093204259487,0
3427,734.0,Mid value,0.6728372394726173,0
5209,638.0,Mid value,0.3773165570470591,0
10711,894.0,High value,0.054095041373379685,0
10785,41.0,Low value,0.05483844343064421,0
2814,31.0,Low value,0.31665845191699754,0
6866,34.0,Low value,0.019588514967515375,0
1665,1750.0,High value,0.978187086468251,1
6575,612.0,Mid value,0.3692854364699681,0
3829,29.0,Low value,0.0035526809603269338,0
3091,823.0,Mid value,0.01764452523664791,0
10141,20.0,Low value,0.8389038116091975,0
5177,396.0,Mid value,0.03628650026796424,0
7005,813.0,Mid value,0.044046715131256506,0
6409,1179.0,High value,0.7948990520913218,1
7485,138.0,Mid value,0.08776366058952359,0
8079,55.0,Low value,0.012588839682481139,0
8395,1511.0,High value,0.5286005078653186,1
10352,117.0,Mid value,0.9255249812285358,1
4931,1730.0,High value,0.9793316978660398,0
13,32.0,Low value,0.24889329173246408,0
1834,67.0,Low value,0.0454930452352691,0
2285,335.0,Mid value,0.42699329176615214,0
2295,825.0,Mid value,0.004672127218153297,0
1378,694.0,Mid value,0.21746781190456813,0
2781,1792.0,High value,0.8397460804730429,1
1165,496.0,Mid value,0.4568391274860034,0
1404,231.0,Mid value,0.069100078918614,0
6457,902.0,High value,0.004078583172570069,0
2639,68.0,Low value,0.21460447970556457,0
8299,71.0,Low value,0.6188673794500495,0
6437,76.0,Low value,0.0836784781661835,0
6912,772.0,Mid value,0.014997035398727545,0
7327,47.0,Low value,0.030467734447246174,0
5299,1586.0,High value,0.03317779599821096,0
4127,1529.0,High value,0.24436379061496274,1
8143,265.0,Mid value,0.9730632839990163,1
1964,1603.0,High value,0.1434978552059738,0
3690,2091.0,High value,0.905356963709598,1
3433,981.0,High value,0.5698640924068924,0
3389,1533.0,High value,0.09001914763321264,0
4712,82.0,Low value,0.555916891534588,0
1170,244.0,Mid value,0.27239317547952946,0
6347,36.0,Low value,0.24884305926724568,0
4065,404.0,Mid value,0.47790732045793,0
8230,71.0,Low value,0.08188395815718512,0
1215,1572.0,High value,0.5827593206990147,0
5939,122.0,Mid value,0.01717548272809908,0
2156,41.0,Low value,0.49614660855147547,0
7788,10.0,Low value,0.028695689698883208,0
10323,304.0,Mid value,0.012815053607539203,0
7947,37.0,Low value,0.004612146374032819,0
1891,1754.0,High value,0.979575907680468,1
2570,815.0,Mid value,0.8057077986251916,1
9256,1001.0,High value,0.4863141122779487,0
295,1157.0,High value,0.07989471799619535,0
7397,688.0,Mid value,0.1259419670509242,0
6349,1319.0,High value,0.4956626746514055,0
10790,21.0,Low value,0.4713071101452475,0
10398,31.0,Low value,0.31508244547226344,0
2431,67.0,Low value,0.35081415361869506,0
550,708.0,Mid value,0.0067396316100046495,0
1890,25.0,Low value,0.06390414333010468,0
10742,746.0,Mid value,0.6543661354976092,0
10356,32.0,Low value,0.8999052232646441,0
4676,1695.0,High value,0.036970906984392246,0
8852,1080.0,High value,0.08339222946772012,0
3565,72.0,Low value,0.029291831264655375,0
5294,57.0,Low value,0.16010244089186154,0
1958,660.0,Mid value,0.010441329553423445,0
7349,103.0,Low value,0.5565345979223958,1
8799,153.0,Mid value,0.4505009856060888,0
1351,1220.0,High value,0.5757850268671024,0
1045,279.0,Mid value,0.313457231682732,0
7732,745.0,Mid value,0.00384964168583597,0
8070,264.0,Mid value,0.008783360933149539,0
477,2157.0,High value,0.9679370855432242,1
7832,1526.0,High value,0.960227483299494,1
2202,69.0,Low value,0.01663496264578586,0
7396,1597.0,High value,0.24634500274260906,0
4055,64.0,Low value,0.04731601418996979,0
10340,497.0,Mid value,0.25358476796189167,0
10091,1067.0,High value,0.14756367650572969,0
7629,31.0,Low value,0.03196201579175232,0
10640,211.0,Mid value,0.051958983015385554,0
3498,877.0,High value,0.9043848817780565,1
6742,11.0,Low value,0.10886628879203901,0
1172,2034.0,High value,0.9360727681972691,1
569,1991.0,High value,0.991261106880742,1
4686,1686.0,High value,0.3690235349425237,0
1381,324.0,Mid value,0.5192352340866666,1
2634,69.0,Low value,0.3449090219727852,1
10905,252.0,Mid value,0.5248765874253224,1
1744,54.0,Low value,0.19088926243157203,0
1000,964.0,High value,0.04482280671630387,0
3828,1327.0,High value,0.02579719053305055,0
8605,68.0,Low value,0.07599787145480956,0
10304,60.0,Low value,0.33573682761062884,0
4351,55.0,Low value,0.3689472067520822,0
10129,1456.0,High value,0.08629587073122243,0
2499,563.0,Mid value,0.0630788026363359,0
10092,1504.0,High value,0.7677553441587986,0
7500,564.0,Mid value,0.05421525094566373,0
5796,1125.0,High value,0.03506765899913196,0
10556,358.0,Mid value,0.07720398697710268,0
1064,42.0,Low value,0.22144601725845142,0
48,184.0,Mid value,0.024713460922677042,0
7610,460.0,Mid value,0.3443987663107218,0
263,145.0,Mid value,0.6411652775212626,1
10814,1376.0,High value,0.2844474523086759,1
9710,792.0,Mid value,0.3679629655625751,0
9292,1382.0,High value,0.3909753720783077,0
10250,28.0,Low value,0.30002870839433443,0
7881,1033.0,High value,0.06277284186727627,0
5847,882.0,High value,0.026965651805022577,0
737,2231.0,High value,0.9958839689993815,0
3571,1101.0,High value,0.8724644076563255,1
7807,369.0,Mid value,0.5859807033695208,0
3878,48.0,Low value,0.24430936181000196,0
5092,467.0,Mid value,0.8289979543633511,1
2154,44.0,Low value,0.5947837689987555,0
5394,38.0,Low value,0.22412176139851214,0
3798,81.0,Low value,0.027606795974278144,0
3524,167.0,Mid value,0.7574830426609984,1
5247,45.0,Low value,0.026506920189668652,0
5883,664.0,Mid value,0.04230744034070491,0
2118,622.0,Mid value,0.01428381661995427,0
8812,48.0,Low value,0.3457347627504173,0
6616,461.0,Mid value,0.01731050540727248,0
2797,1073.0,High value,0.09409018068834998,0
4328,55.0,Low value,0.024937117347532952,0
9167,976.0,High value,0.017461146206535317,0
10560,20.0,Low value,0.19889722951573954,0
2631,1149.0,High value,0.46150886346502673,0
8312,43.0,Low value,0.009127032292718284,0
5534,224.0,Mid value,0.5138780715690966,0
5093,101.0,Low value,0.9291648616864004,1
7592,209.0,Mid value,0.1960657405461087,0
8895,968.0,High value,0.21375651856656075,0
8584,1165.0,High value,0.2552170867464805,0
2694,24.0,Low value,0.030317844213992792,0
8910,252.0,Mid value,0.5248765874253224,1
7433,165.0,Mid value,0.388204359233735,0
164,269.0,Mid value,0.6616601504607602,0
10477,102.0,Low value,0.4401306829950844,0
2681,461.0,Mid value,0.05303490598607049,0
5150,47.0,Low value,0.20461774250454062,0
5283,144.0,Mid value,0.09070138726461704,0
9645,1338.0,High value,0.11158057668121392,0
10678,917.0,High value,0.0043804345353591805,0
7261,318.0,Mid value,0.5926894476927443,1
9648,253.0,Mid value,0.8194216078466598,0
2870,502.0,Mid value,0.7232310237014031,0
8008,119.0,Mid value,0.026677170976914716,0
1513,1250.0,High value,0.100974882158599,0
6173,969.0,High value,0.013180644368575327,0
1419,76.0,Low value,0.2426624768394096,0
9150,62.0,Low value,0.20712165897160234,0
7960,1382.0,High value,0.02710700920755969,0
1250,84.0,Low value,0.037543191525868116,0
9905,255.0,Mid value,0.30966738578163583,0
10691,43.0,Low value,0.13228866313823384,0
7002,398.0,Mid value,0.13259879774852062,0
2952,76.0,Low value,0.03953013835615215,0
8439,902.0,High value,0.028583165215973386,0
762,823.0,Mid value,0.01764452523664791,0
2831,1179.0,High value,0.0014765460911381665,0
6977,1921.0,High value,0.12050640981910848,0
6289,185.0,Mid value,0.03508302338231655,0
4168,433.0,Mid value,0.5045558178860496,1
8397,34.0,Low value,0.08053153514596628,0
9284,907.0,High value,0.06459124879897432,0
6237,416.0,Mid value,0.30786542863746785,0
3130,44.0,Low value,0.07150360263011547,0
1619,1588.0,High value,0.33322345699917877,1
1990,1797.0,High value,0.9182630432241654,0
5513,40.0,Low value,0.2709590034508146,0
269,1143.0,High value,0.6528028825177608,0
8093,914.0,High value,0.09191160225330867,0
10513,1502.0,High value,0.6888554223599773,0
10177,1338.0,High value,0.6536291389392589,0
2549,27.0,Low value,0.0645010122954039,0
5782,763.0,Mid value,0.20960072271156796,0
10057,1331.0,High value,0.23308023224764715,1
10307,525.0,Mid value,0.009122497255673072,0
8566,9.0,Low value,0.13185504232675668,0
2415,953.0,High value,0.028798835433042316,0
5684,68.0,Low value,0.3613609379002674,0
8334,131.0,Mid value,0.2987570655176909,0
9166,882.0,High value,0.010476050695830613,0
1440,1149.0,High value,0.19346215197598038,0
78,37.0,Low value,0.0969248774750548,0
5441,388.0,Mid value,0.05112155164627174,0
5302,1428.0,High value,0.789554411804843,1
4687,1633.0,High value,0.08303274408107848,0
1087,173.0,Mid value,0.4221791007188455,1
6859,99.0,Low value,0.3849696335435356,0
9860,215.0,Mid value,0.4003231102233563,0
7129,929.0,High value,0.059588951292740125,0
5866,219.0,Mid value,0.044674727387219504,0
10521,174.0,Mid value,0.2437604984009682,1
7393,92.0,Low value,0.5092062935648669,0
7849,1052.0,High value,0.17227247881816865,0
332,275.0,Mid value,0.28192204704947355,0
9847,587.0,Mid value,0.5849532938289211,0
531,1662.0,High value,0.8678308177312394,1
9576,159.0,Mid value,0.2649368419791776,0
6906,1024.0,High value,0.9894023275045815,1
7419,35.0,Low value,0.023144243654840767,0
3170,1042.0,High value,0.0582504672048268,0
8527,395.0,Mid value,0.08137538401679979,0
7872,557.0,Mid value,0.9992656787481731,1
9931,9.0,Low value,0.7026107195047202,0
10595,69.0,Low value,0.5227482289215329,0
4609,486.0,Mid value,0.215523569183062,0
5010,34.0,Low value,0.06194104311420579,0
4427,1365.0,High value,0.9445305315778303,1
11148,13.0,Low value,0.045272804479364805,0
1168,1401.0,High value,0.37590100685985556,0
9595,1574.0,High value,0.8988741602019137,1
10163,1323.0,High value,0.7772883244941318,1
2886,1217.0,High value,0.7429725536522949,0
6710,103.0,Low value,0.17955017767862191,0
5316,84.0,Low value,0.06896536559510669,0
9029,1536.0,High value,0.13093896996558352,0
521,581.0,Mid value,0.26341973378722505,0
1459,928.0,High value,0.7061822644044965,0
10241,14.0,Low value,0.5422237778439838,0
1630,424.0,Mid value,0.059068899535471744,0
3254,960.0,High value,0.05992476386618415,0
9064,1555.0,High value,0.9632993677926416,1
3678,656.0,Mid value,0.9765671570216713,1
4227,55.0,Low value,0.03719896447478685,0
9467,20.0,Low value,0.05766841340100542,0
8486,367.0,Mid value,0.6908570132221121,0
2186,2257.0,High value,0.9718282858239982,1
3286,42.0,Low value,0.08917638312704039,0
8602,1049.0,High value,0.01994639569825598,0
3722,48.0,Low value,0.02612970190723944,0
6715,685.0,Mid value,0.6819270715532756,0
4796,39.0,Low value,0.0209340833323735,0
9612,43.0,Low value,0.5498209699919152,0
3766,835.0,High value,0.9260834822320018,1
1399,1515.0,High value,0.2057539845077622,0
1570,1039.0,High value,0.37407590650560074,0
3426,1596.0,High value,0.02147912170642792,0
3074,1828.0,High value,0.892740178493702,1
8341,34.0,Low value,0.47478797912457626,1
5180,149.0,Mid value,0.10230698853615425,0
6461,946.0,High value,0.15867920046197936,0
7679,28.0,Low value,0.28970181679784296,0
10702,450.0,Mid value,0.2700631189932441,0
7505,46.0,Low value,0.17545284112070478,0
5113,1702.0,High value,0.8430208130736719,1
10858,820.0,Mid value,0.11739304370489233,0
2961,382.0,Mid value,0.3091332319973264,0
2747,2126.0,High value,0.8017960213404038,0
3010,2069.0,High value,0.7004227928845697,0
5790,72.0,Low value,0.1714532086566948,0
6892,732.0,Mid value,0.9066330111000575,0
1743,801.0,Mid value,0.02966321381876768,0
3578,236.0,Mid value,0.13903425757070303,0
8462,80.0,Low value,0.48856206659426366,0
5558,1685.0,High value,0.6071340630817048,0
4619,277.0,Mid value,0.9132865330476334,0
8780,507.0,Mid value,0.03311032651006211,0
10789,68.0,Low value,0.6086396111720996,0
10779,49.0,Low value,0.4483639979623177,0
5896,397.0,Mid value,0.01588868074726999,0
2337,39.0,Low value,0.08238985586753095,0
10951,306.0,Mid value,0.11069796433413448,0
544,976.0,High value,0.22639927442057983,0
17,1028.0,High value,0.11314827413276654,0
10680,70.0,Low value,0.017544706223993723,0
3265,46.0,Low value,0.43452830935977876,0
5623,51.0,Low value,0.11051131620178695,0
5832,1263.0,High value,0.006746198578763004,0
5544,1490.0,High value,0.9659296723995523,0
6417,1564.0,High value,0.05598078490770428,0
5831,1815.0,High value,0.9031054250290396,1
7101,1198.0,High value,0.7555007051010094,0
10176,416.0,Mid value,0.9684045673995539,1
2326,85.0,Low value,0.627597093393936,0
4385,47.0,Low value,0.23602215666791182,0
2929,137.0,Mid value,0.7870204214567378,0
10686,21.0,Low value,0.20939405860007307,0
2546,70.0,Low value,0.08636197963019214,0
3283,909.0,High value,0.003034302971029826,0
3138,1676.0,High value,0.9988158349164618,1
4994,1735.0,High value,0.35399699371993015,0
7966,1191.0,High value,0.26336463564248624,0
3112,24.0,Low value,0.2965806499220308,0
10872,1182.0,High value,0.6989624624360377,0
2181,1280.0,High value,0.21561890085364996,0
1867,1336.0,High value,0.8557675139223597,1
1518,749.0,Mid value,0.288904775642183,0
5734,91.0,Low value,0.02299513936310472,0
2878,414.0,Mid value,0.012118577612141213,0
1458,44.0,Low value,0.09612367056459029,0
7007,63.0,Low value,0.06568437665309841,0
6200,901.0,High value,0.06465832662890911,0
1403,38.0,Low value,0.28739723526396793,0
4827,455.0,Mid value,0.6444971628955823,1
6250,775.0,Mid value,0.4590624886012159,1
9291,15.0,Low value,0.057106884288065964,0
2478,38.0,Low value,0.048866414609008015,0
1139,1512.0,High value,0.9825140856012754,1
5138,43.0,Low value,0.08909552013988689,0
5393,42.0,Low value,0.48804603261155627,0
10413,1089.0,High value,0.007275984463467328,0
5015,162.0,Mid value,0.15668331202432198,0
10868,1272.0,High value,0.13957375694906884,0
10676,1173.0,High value,0.8584073293968902,1
2495,816.0,Mid value,0.01348507265897914,0
7842,74.0,Low value,0.3852547499860743,0
9955,134.0,Mid value,0.2872415111188368,0
6663,157.0,Mid value,0.21845765019893357,0
2162,561.0,Mid value,0.038168640319737254,0
3434,1336.0,High value,0.03666802053446815,0
7919,2092.0,High value,0.9657306349566463,1
5626,463.0,Mid value,0.41760930116054384,0
6428,1130.0,High value,0.2580114585988314,0
8514,20.0,Low value,0.022025280295098846,0
10448,377.0,Mid value,0.8613419133673476,0
2109,1544.0,High value,0.7601158341433708,1
7530,138.0,Mid value,0.08776366058952359,0
8925,1012.0,High value,0.08741831263221067,0
3009,1766.0,High value,0.9989133634616274,1
6355,45.0,Low value,0.04146318509298646,0
3517,161.0,Mid value,0.5472138265426061,1
1158,144.0,Mid value,0.1641435907707784,0
6203,1734.0,High value,0.04462395423120529,0
7165,823.0,Mid value,0.01158872293914622,0
3595,1138.0,High value,0.013280010538576175,0
8537,1429.0,High value,0.8372417287855051,1
4331,1371.0,High value,0.43593868690351545,0
6281,982.0,High value,0.8910755089591724,0
4338,44.0,Low value,0.3951766130474833,0
2452,318.0,Mid value,0.5926894476927443,1
9507,434.0,Mid value,0.3873706520438316,0
8360,198.0,Mid value,0.011422669181656409,0
10311,359.0,Mid value,0.7692980859234219,0
5117,576.0,Mid value,0.511106283608784,0
4867,88.0,Low value,0.7156169560569299,0
9289,63.0,Low value,0.12378019075807752,1
10913,27.0,Low value,0.8442711131545854,1
3032,193.0,Mid value,0.057191122273265414,0
8524,101.0,Low value,0.9291648616864004,1
3334,2211.0,High value,0.7275025108281042,0
4470,140.0,Mid value,0.31059836575718847,0
1406,415.0,Mid value,0.644163647287131,0
8619,22.0,Low value,0.43492745566444296,0
10821,263.0,Mid value,0.2768396263563157,0
4552,393.0,Mid value,0.5134441317902009,0
898,147.0,Mid value,0.10507988069582587,0
9797,443.0,Mid value,0.011075488714039699,0
10949,1958.0,High value,0.9396753702059082,1
8212,174.0,Mid value,0.055543300898272904,0
6248,2217.0,High value,0.6548199208678709,1
10164,1691.0,High value,0.6000126625724355,0
4547,25.0,Low value,0.040657392212678944,0
6815,809.0,Mid value,0.9020732862344822,1
4122,895.0,High value,0.8625435888051519,1
10841,484.0,Mid value,0.18465450875758158,0
5370,413.0,Mid value,0.7968052045333562,0
176,331.0,Mid value,0.018107232303139938,0
4860,25.0,Low value,0.22122486750074744,0
10757,13.0,Low value,0.32483250278980497,0
4023,115.0,Low value,0.7050938060951072,1
6679,16.0,Low value,0.20353886406544083,0
9923,92.0,Low value,0.5200315072372534,0
7181,52.0,Low value,0.014951105231079946,0
3599,1464.0,High value,0.21029560041474335,0
405,441.0,Mid value,0.831043947181447,0
6870,283.0,Mid value,0.04522656687219331,0
832,747.0,Mid value,0.004684604139692252,0
2002,1870.0,High value,0.5170430954226113,0
3657,165.0,Mid value,0.8072550799794523,0
500,1941.0,High value,0.8778774134764433,1
1951,839.0,High value,0.12085046948218305,0
3262,1655.0,High value,0.6633962661095958,1
4102,23.0,Low value,0.10229676468387677,0
7042,66.0,Low value,0.7915008096544944,1
10598,37.0,Low value,0.045591132383958594,0
255,21.0,Low value,0.11921407915842765,0
2375,22.0,Low value,0.1218627313720798,0
9829,78.0,Low value,0.03638734221738055,0
6214,79.0,Low value,0.15463138007572916,0
4954,265.0,Mid value,0.04742581488414927,0
7861,1175.0,High value,0.12386708389477413,0
4837,1305.0,High value,0.061336659831293924,0
9423,46.0,Low value,0.0326669762179929,0
4198,25.0,Low value,0.3486304976361861,0
153,46.0,Low value,0.45518119673127544,0
9323,874.0,High value,0.9388336599222242,1
10001,100.0,Low value,0.12130964665718451,0
3945,930.0,High value,0.8512874839308199,1
3799,868.0,High value,0.052742544368836144,0
8625,45.0,Low value,0.043692023714520106,0
3491,1260.0,High value,0.3094020271100089,0
983,414.0,Mid value,0.18805248789282797,0
9119,392.0,Mid value,0.030591681495723753,0
4786,1109.0,High value,0.03073690153136872,0
5872,639.0,Mid value,0.1891202512849434,0
6568,79.0,Low value,0.03727603378408256,0
5628,1665.0,High value,0.7997941506524814,0
5631,692.0,Mid value,0.14048152601961264,0
4974,1392.0,High value,0.34306932257587486,0
8416,44.0,Low value,0.14572860634663118,0
5454,50.0,Low value,0.02049798412968653,0
4095,467.0,Mid value,0.24262916646489593,0
5474,223.0,Mid value,0.06445239305495543,0
4268,158.0,Mid value,0.013837208279352808,0
10701,1211.0,High value,0.48214593367533115,0
3507,1575.0,High value,0.8045600134804478,1
2079,1208.0,High value,0.1301556051543265,0
626,43.0,Low value,0.21934107287767413,0
4426,527.0,Mid value,0.7160002984266186,0
2591,932.0,High value,0.07038673280694097,0
10509,71.0,Low value,0.09111218700509655,0
6382,54.0,Low value,0.002216331869856742,0
6673,129.0,Mid value,0.6564729721736956,0
7441,1615.0,High value,0.1591195916033584,0
1071,1034.0,High value,0.25373073121449624,0
10061,1088.0,High value,0.09836983911025667,0
8775,137.0,Mid value,0.025599934881234687,0
2345,1244.0,High value,0.14108620583377432,0
322,41.0,Low value,0.04524452062062452,0
10897,1174.0,High value,0.14332300865469522,0
123,993.0,High value,0.20180313569165378,0
6103,100.0,Low value,0.22530649097146782,0
7899,1680.0,High value,0.6183540657366093,0
10500,98.0,Low value,0.005336662819626392,0
1655,48.0,Low value,0.017740470389778457,0
2406,519.0,Mid value,0.020262599824364316,0
2712,715.0,Mid value,0.0027144035244018633,0
5517,37.0,Low value,0.0969248774750548,0
10643,653.0,Mid value,0.692445768084344,1
2254,1455.0,High value,0.19524842663016512,0
10281,602.0,Mid value,0.19950679900290194,1
6958,26.0,Low value,0.18815853663747525,0
954,102.0,Low value,0.036366199175222866,0
4643,176.0,Mid value,0.41859405066587296,0
6497,433.0,Mid value,0.48470124381326246,0
5396,1366.0,High value,0.1772185095046321,0
1052,1001.0,High value,0.5072125975861033,0
2802,961.0,High value,0.24913576120025646,0
6343,1518.0,High value,0.42795164697504634,0
6507,56.0,Low value,0.30896565345968724,0
7901,22.0,Low value,0.06994223912637176,0
4865,400.0,Mid value,0.4994915942637902,1
2686,26.0,Low value,0.08808207686315121,0
3107,350.0,Mid value,0.01148578532212191,0
7734,1216.0,High value,0.9786224417172096,1
1146,874.0,High value,0.9388336599222242,1
11031,40.0,Low value,0.0484341123823355,0
7428,1367.0,High value,0.11702671115705708,0
975,264.0,Mid value,0.47919954798126657,0
1103,2053.0,High value,0.8299368893246407,1
3422,1376.0,High value,0.8746480490203044,0
1055,45.0,Low value,0.03864831064658465,0
6544,976.0,High value,0.007165307516820895,0
1241,51.0,Low value,0.6826700563292118,1
2909,1264.0,High value,0.36672870833018684,0
5802,75.0,Low value,0.22339831722200995,0
1407,57.0,Low value,0.4762121166166837,0
6183,140.0,Mid value,0.31059836575718847,0
340,497.0,Mid value,0.8789723731181966,1
5991,266.0,Mid value,0.3049098641907513,0
3104,2006.0,High value,0.5251041300964625,1
9729,615.0,Mid value,0.2752512549235998,0
1008,1021.0,High value,0.6400286737293532,0
11091,22.0,Low value,0.008261216215417536,0
3969,133.0,Mid value,0.09408978422539174,0
1916,437.0,Mid value,0.032098650513727206,0
9907,1013.0,High value,0.00864403094973421,0
87,57.0,Low value,0.18277917986211106,0
8659,1038.0,High value,0.018706735612826014,0
6262,1573.0,High value,0.2933235110604493,0
6147,28.0,Low value,0.5647747897865824,0
8832,123.0,Mid value,0.5051595464624865,0
10067,13.0,Low value,0.024956790200992323,0
7532,132.0,Mid value,0.5560260252919758,0
4915,732.0,Mid value,0.017588098025383407,0
2115,66.0,Low value,0.023425822622065218,0
2088,1631.0,High value,0.4181648662729021,0
2493,608.0,Mid value,0.06275821254912914,0
6292,1822.0,High value,0.5929920314588772,1
1631,1282.0,High value,0.9556030489505922,1
10104,8.0,Low value,0.036037037837048994,0
3006,43.0,Low value,0.11640520258220706,0
3919,1931.0,High value,0.8707718727217227,1
11181,8.0,Low value,0.1244824867684104,0
642,103.0,Low value,0.2190580407226341,0
4369,1169.0,High value,0.37576574666296125,0
10127,395.0,Mid value,0.09657880475815364,0
271,258.0,Mid value,0.7884622060394174,0
4973,25.0,Low value,0.12153396925802472,0
2948,185.0,Mid value,0.019719246088727674,0
2715,180.0,Mid value,0.9530923887940661,1
10432,22.0,Low value,0.19235863003096784,0
9216,44.0,Low value,0.06834612176129601,0
7124,94.0,Low value,0.2632286347307184,0
9727,81.0,Low value,0.2002044852014369,0
5136,798.0,Mid value,0.7218600782440814,0
9790,1334.0,High value,0.9572123209708141,1
1818,38.0,Low value,0.15895125609593277,0
1100,61.0,Low value,0.07069307734822108,0
7873,300.0,Mid value,0.15417924439473912,0
10609,88.0,Low value,0.23123219814903195,0
6950,54.0,Low value,0.12202200757494043,0
7233,1782.0,High value,0.9816705007330115,0
9481,68.0,Low value,0.027643986899337065,0
7699,258.0,Mid value,0.7884622060394174,0
2711,31.0,Low value,0.31665845191699754,0
8933,66.0,Low value,0.04217458763975048,0
8726,174.0,Mid value,0.050001338586434095,0
1515,28.0,Low value,0.10706827582368758,0
5186,731.0,Mid value,0.0822587109852434,0
10157,274.0,Mid value,0.018603770107062583,0
5667,1701.0,High value,0.660275152399291,1
902,312.0,Mid value,0.014536142390138763,0
977,414.0,Mid value,0.14511406082900377,0
7313,1565.0,High value,0.3476445683156993,0
7600,29.0,Low value,0.24700323641015404,0
9706,94.0,Low value,0.1551311944668245,0
2429,1338.0,High value,0.6536291389392589,0
3520,1092.0,High value,0.9896209359513286,1
10394,1479.0,High value,0.8730230959955365,0
4548,54.0,Low value,0.06955608124811824,0
9362,568.0,Mid value,0.4396828278067804,0
3968,1199.0,High value,0.8598177848527332,1
4084,873.0,High value,0.01057639747228507,0
6721,1213.0,High value,0.3001050095760338,0
2829,731.0,Mid value,0.45979060509000247,0
1772,2043.0,High value,0.9960862017256897,1
1544,1893.0,High value,0.5023410910995066,0
492,424.0,Mid value,0.9345321294891185,0
4377,575.0,Mid value,0.8496185262977726,0
4541,257.0,Mid value,0.007724580762639699,0
1321,56.0,Low value,0.08561704823750244,0
8858,542.0,Mid value,0.4917686680250379,0
3266,125.0,Mid value,0.009887287168376365,0
11187,69.0,Low value,0.3599771695467446,0
8207,40.0,Low value,0.041723405919045733,0
9723,1016.0,High value,0.45225858797187174,0
2666,907.0,High value,0.0934546030202373,0
5721,1566.0,High value,0.515463607892977,0
10652,1169.0,High value,0.14658536908816078,0
1646,46.0,Low value,0.02023095982006781,0
4418,1644.0,High value,0.48654219287375833,1
2656,59.0,Low value,0.330107403981058,0
7990,17.0,Low value,0.8652720756691289,0
8722,1853.0,High value,0.9331530639046388,1
7118,1528.0,High value,0.7965686990429318,1
2980,35.0,Low value,0.48180627520714037,0
1839,141.0,Mid value,0.3142837859067204,0
10722,546.0,Mid value,0.3783222327011009,0
2632,500.0,Mid value,0.8586301933275875,1
9014,61.0,Low value,0.019364765952456866,0
7620,106.0,Low value,0.11792712166596442,0
10968,704.0,Mid value,0.9171078554786044,0
11133,424.0,Mid value,0.9345321294891185,1
2736,849.0,High value,0.014924641964738894,0
1876,85.0,Low value,0.627597093393936,0
5959,199.0,Mid value,0.3587860467534292,0
1092,1147.0,High value,0.8812784582553724,0
4333,54.0,Low value,0.06286222740284349,0
3850,43.0,Low value,0.08015817066900821,0
6168,53.0,Low value,0.42004955858353554,0
607,521.0,Mid value,0.46760147693503085,0
10469,1623.0,High value,0.05955368605983958,0
6983,45.0,Low value,0.16279523676050162,0
3661,1435.0,High value,0.7224169913444105,0
9303,32.0,Low value,0.520324031174796,0
692,16.0,Low value,0.06401496878174426,0
736,52.0,Low value,0.09804693849049005,0
9589,1234.0,High value,0.18294324125347108,0
4838,15.0,Low value,0.157912161723666,0
9246,415.0,Mid value,0.1657263861406789,0
6261,470.0,Mid value,0.0037504031607412326,0
7366,1438.0,High value,0.9549001154457912,1
10659,53.0,Low value,0.4993823275174285,0
1448,51.0,Low value,0.030744703725274602,0
4286,679.0,Mid value,0.7874354991007578,0
4749,586.0,Mid value,0.34014760294377777,0
4478,653.0,Mid value,0.132949600706598,0
4201,468.0,Mid value,0.2911932194540892,0
10084,50.0,Low value,0.13688076290940787,0
7004,84.0,Low value,0.6811440603455332,0
9817,1049.0,High value,0.4522303349227004,0
8080,22.0,Low value,0.794275880864264,0
8372,30.0,Low value,0.04727038661714394,0
10870,1341.0,High value,0.3159081475776522,0
4001,444.0,Mid value,0.21214344376357555,0
7270,1241.0,High value,0.0432679567420338,0
8235,843.0,High value,0.04403286452039677,0
9405,172.0,Mid value,0.5338984967076356,1
